customer_id,kyc_tier,home_region,registration_date
CUS0000000,tier_1,Abuja,2024-06-10
CUS0000001,tier_2,Abuja,2024-08-02
CUS0000002,tier_2,Kano,2025-11-22
CUS0000003,tier_2,Banjul,2024-01-15
CUS0000004,tier_1,Kanifing,2025-10-10
CUS0000005,tier_2,Farafenni,2024-11-18
CUS0000006,tier_2,Port Harcourt,2025-02-22
CUS0000007,tier_1,Kano,2025-05-11
CUS0000008,tier_2,Farafenni,2023-05-24
CUS0000009,tier_2,Lagos,2025-01-22
CUS0000010,tier_2,Kanifing,2025-01-30
CUS0000011,tier_3,Kanifing,2022-10-03
CUS0000012,tier_1,Basse,2022-10-09
CUS0000013,tier_2,Abuja,2023-10-11
CUS0000014,tier_3,Farafenni,2025-07-29
CUS0000015,tier_2,Farafenni,2025-06-06
CUS0000016,tier_2,Basse,2025-04-28
CUS0000017,tier_2,Port Harcourt,2025-10-08
CUS0000018,tier_1,Abuja,2023-12-04
CUS0000019,tier_1,Lagos,2025-12-06
CUS0000020,tier_2,Kano,2025-05-29
CUS0000021,tier_1,Lagos,2023-06-04
CUS0000022,tier_2,Abuja,2025-01-05
CUS0000023,tier_2,Basse,2022-12-25
CUS0000024,tier_2,Kano,2023-07-23
CUS0000025,tier_2,Port Harcourt,2024-06-30
CUS0000026,tier_1,Farafenni,2025-07-07
CUS0000027,tier_1,Kano,2024-08-19
CUS0000028,tier_2,Port Harcourt,2023-11-16
CUS0000029,tier_1,Kano,2024-03-06
CUS0000030,tier_1,Farafenni,2024-01-05
CUS0000031,tier_2,Lagos,2024-06-07
CUS0000032,tier_2,Basse,2022-11-19
CUS0000033,tier_1,Farafenni,2025-07-09
CUS0000034,tier_1,Abuja,2023-04-06
CUS0000035,tier_2,Farafenni,2023-05-01
CUS0000036,tier_2,Kano,2023-06-28
CUS0000037,tier_2,Kanifing,2024-05-08
CUS0000038,tier_1,Farafenni,2024-04-13
CUS0000039,tier_2,Lagos,2023-05-07
CUS0000040,tier_2,Lagos,2023-08-13
CUS0000041,tier_3,Ibadan,2024-02-23
CUS0000042,tier_1,Kano,2024-06-25
CUS0000043,tier_1,Farafenni,2025-04-28
CUS0000044,tier_2,Lagos,2025-05-01
CUS0000045,tier_2,Brikama,2024-12-04
CUS0000046,tier_1,Kano,2024-06-13
CUS0000047,tier_2,Ibadan,2024-05-31
CUS0000048,tier_3,Farafenni,2024-05-04
CUS0000049,tier_1,Brikama,2024-04-21
CUS0000050,tier_1,Ibadan,2025-04-16
CUS0000051,tier_1,Banjul,2022-11-24
CUS0000052,tier_1,Brikama,2023-04-01
CUS0000053,tier_1,Banjul,2022-10-13
CUS0000054,tier_1,Kano,2023-07-13
CUS0000055,tier_1,Banjul,2024-08-01
CUS0000056,tier_3,Kano,2025-05-12
CUS0000057,tier_2,Abuja,2023-03-30
CUS0000058,tier_1,Banjul,2025-02-24
CUS0000059,tier_1,Port Harcourt,2024-04-18
CUS0000060,tier_1,Farafenni,2025-05-03
CUS0000061,tier_2,Abuja,2024-09-25
CUS0000062,tier_2,Abuja,2023-06-23
CUS0000063,tier_3,Basse,2023-08-06
CUS0000064,tier_1,Port Harcourt,2025-08-30
CUS0000065,tier_2,Kanifing,2024-11-01
CUS0000066,tier_2,Basse,2025-07-18
CUS0000067,tier_1,Brikama,2022-11-27
CUS0000068,tier_1,Banjul,2023-09-17
CUS0000069,tier_1,Port Harcourt,2023-05-14
CUS0000070,tier_1,Farafenni,2024-05-20
CUS0000071,tier_2,Kano,2025-08-08
CUS0000072,tier_2,Basse,2024-11-21
CUS0000073,tier_1,Ibadan,2024-09-27
CUS0000074,tier_2,Basse,2025-03-15
CUS0000075,tier_1,Brikama,2024-04-11
CUS0000076,tier_2,Port Harcourt,2024-05-19
CUS0000077,tier_1,Kano,2024-04-18
CUS0000078,tier_2,Basse,2023-03-13
CUS0000079,tier_1,Kano,2025-07-20
CUS0000080,tier_2,Abuja,2024-03-11
CUS0000081,tier_2,Banjul,2025-06-27
CUS0000082,tier_1,Port Harcourt,2025-11-19
CUS0000083,tier_3,Basse,2022-10-08
CUS0000084,tier_1,Brikama,2023-05-13
CUS0000085,tier_1,Kano,2024-06-10
CUS0000086,tier_1,Port Harcourt,2023-07-23
CUS0000087,tier_2,Kano,2025-06-28
CUS0000088,tier_1,Abuja,2024-02-18
CUS0000089,tier_1,Kanifing,2025-02-05
CUS0000090,tier_1,Kano,2024-05-20
CUS0000091,tier_2,Abuja,2022-12-01
CUS0000092,tier_1,Kanifing,2024-03-27
CUS0000093,tier_1,Kanifing,2023-09-26
CUS0000094,tier_2,Banjul,2022-12-16
CUS0000095,tier_1,Banjul,2024-12-12
CUS0000096,tier_1,Port Harcourt,2023-03-17
CUS0000097,tier_2,Banjul,2024-11-10
CUS0000098,tier_1,Brikama,2024-05-21
CUS0000099,tier_1,Kano,2025-04-27
CUS0000100,tier_1,Port Harcourt,2024-08-28
CUS0000101,tier_2,Basse,2022-11-29
CUS0000102,tier_1,Abuja,2025-06-24
CUS0000103,tier_1,Kanifing,2023-05-31
CUS0000104,tier_3,Brikama,2023-03-17
CUS0000105,tier_3,Basse,2023-02-23
CUS0000106,tier_2,Abuja,2023-04-18
CUS0000107,tier_3,Farafenni,2023-06-10
CUS0000108,tier_2,Abuja,2024-12-06
CUS0000109,tier_3,Ibadan,2025-03-27
CUS0000110,tier_2,Basse,2023-09-04
CUS0000111,tier_1,Ibadan,2024-07-02
CUS0000112,tier_2,Basse,2024-04-29
CUS0000113,tier_2,Port Harcourt,2023-04-04
CUS0000114,tier_2,Kano,2022-12-24
CUS0000115,tier_1,Lagos,2022-11-27
CUS0000116,tier_2,Abuja,2023-06-13
CUS0000117,tier_3,Farafenni,2024-08-29
CUS0000118,tier_2,Farafenni,2023-09-12
CUS0000119,tier_1,Kano,2023-11-12
CUS0000120,tier_1,Brikama,2023-03-23
CUS0000121,tier_3,Brikama,2023-03-09
CUS0000122,tier_3,Lagos,2025-06-09
CUS0000123,tier_2,Kano,2025-06-10
CUS0000124,tier_1,Kano,2025-11-30
CUS0000125,tier_2,Abuja,2025-02-18
CUS0000126,tier_1,Basse,2024-02-07
CUS0000127,tier_2,Abuja,2025-07-20
CUS0000128,tier_2,Ibadan,2023-11-14
CUS0000129,tier_3,Kano,2022-12-19
CUS0000130,tier_1,Kanifing,2024-09-07
CUS0000131,tier_2,Basse,2024-09-22
CUS0000132,tier_2,Abuja,2025-06-13
CUS0000133,tier_2,Kanifing,2023-07-07
CUS0000134,tier_1,Basse,2025-11-02
CUS0000135,tier_1,Banjul,2024-05-10
CUS0000136,tier_1,Abuja,2025-03-08
CUS0000137,tier_1,Abuja,2022-10-29
CUS0000138,tier_2,Brikama,2025-01-17
CUS0000139,tier_1,Port Harcourt,2023-11-09
CUS0000140,tier_2,Farafenni,2023-03-18
CUS0000141,tier_3,Brikama,2024-09-12
CUS0000142,tier_1,Basse,2023-06-04
CUS0000143,tier_1,Banjul,2023-05-24
CUS0000144,tier_3,Ibadan,2025-02-11
CUS0000145,tier_1,Lagos,2024-04-28
CUS0000146,tier_2,Abuja,2024-08-06
CUS0000147,tier_1,Basse,2024-11-19
CUS0000148,tier_3,Kano,2025-05-27
CUS0000149,tier_1,Port Harcourt,2023-12-27
CUS0000150,tier_2,Basse,2025-11-17
CUS0000151,tier_3,Abuja,2024-06-17
CUS0000152,tier_1,Banjul,2023-03-20
CUS0000153,tier_2,Basse,2024-09-16
CUS0000154,tier_2,Lagos,2024-10-09
CUS0000155,tier_2,Port Harcourt,2024-08-05
CUS0000156,tier_2,Brikama,2025-06-16
CUS0000157,tier_3,Banjul,2024-04-08
CUS0000158,tier_2,Banjul,2022-10-02
CUS0000159,tier_1,Brikama,2025-06-30
CUS0000160,tier_3,Lagos,2023-09-03
CUS0000161,tier_1,Brikama,2022-12-23
CUS0000162,tier_2,Lagos,2023-01-09
CUS0000163,tier_1,Basse,2025-01-29
CUS0000164,tier_1,Kano,2024-05-06
CUS0000165,tier_2,Lagos,2025-05-10
CUS0000166,tier_1,Kanifing,2025-03-18
CUS0000167,tier_2,Farafenni,2023-10-10
CUS0000168,tier_3,Ibadan,2023-12-13
CUS0000169,tier_1,Abuja,2025-12-03
CUS0000170,tier_1,Kanifing,2023-06-14
CUS0000171,tier_1,Basse,2022-09-21
CUS0000172,tier_1,Lagos,2025-05-24
CUS0000173,tier_2,Kano,2025-11-10
CUS0000174,tier_2,Ibadan,2024-02-29
CUS0000175,tier_3,Farafenni,2025-08-24
CUS0000176,tier_2,Kano,2024-04-22
CUS0000177,tier_2,Kanifing,2025-03-20
CUS0000178,tier_1,Banjul,2024-04-17
CUS0000179,tier_3,Kanifing,2025-06-15
CUS0000180,tier_1,Ibadan,2025-03-29
CUS0000181,tier_1,Lagos,2022-12-21
CUS0000182,tier_1,Brikama,2023-09-04
CUS0000183,tier_2,Kano,2023-09-18
CUS0000184,tier_3,Basse,2025-10-25
CUS0000185,tier_2,Farafenni,2023-07-07
CUS0000186,tier_1,Farafenni,2023-12-20
CUS0000187,tier_1,Lagos,2022-12-12
CUS0000188,tier_3,Lagos,2025-08-29
CUS0000189,tier_1,Farafenni,2025-04-25
CUS0000190,tier_3,Kano,2025-06-27
CUS0000191,tier_2,Port Harcourt,2025-11-18
CUS0000192,tier_1,Lagos,2024-08-20
CUS0000193,tier_3,Port Harcourt,2024-11-06
CUS0000194,tier_1,Ibadan,2024-11-02
CUS0000195,tier_2,Farafenni,2024-02-28
CUS0000196,tier_2,Port Harcourt,2025-12-26
CUS0000197,tier_1,Brikama,2025-04-09
CUS0000198,tier_1,Brikama,2025-05-20
CUS0000199,tier_2,Banjul,2025-04-06
CUS0000200,tier_1,Farafenni,2024-03-08
CUS0000201,tier_1,Basse,2025-09-15
CUS0000202,tier_1,Abuja,2023-01-19
CUS0000203,tier_1,Kanifing,2023-05-01
CUS0000204,tier_1,Lagos,2023-02-14
CUS0000205,tier_2,Kano,2023-03-06
CUS0000206,tier_1,Port Harcourt,2025-10-04
CUS0000207,tier_2,Ibadan,2024-04-23
CUS0000208,tier_1,Banjul,2025-08-29
CUS0000209,tier_3,Abuja,2023-08-11
CUS0000210,tier_2,Kano,2023-07-07
CUS0000211,tier_1,Kanifing,2024-03-12
CUS0000212,tier_2,Kanifing,2025-04-17
CUS0000213,tier_1,Port Harcourt,2022-12-04
CUS0000214,tier_2,Abuja,2023-01-10
CUS0000215,tier_1,Ibadan,2023-08-03
CUS0000216,tier_1,Kanifing,2022-11-28
CUS0000217,tier_2,Farafenni,2023-08-04
CUS0000218,tier_1,Farafenni,2023-09-06
CUS0000219,tier_1,Kano,2023-10-07
CUS0000220,tier_1,Kanifing,2024-03-31
CUS0000221,tier_1,Basse,2023-11-26
CUS0000222,tier_3,Kano,2025-08-16
CUS0000223,tier_1,Kanifing,2025-06-24
CUS0000224,tier_1,Lagos,2025-04-09
CUS0000225,tier_2,Port Harcourt,2022-11-07
CUS0000226,tier_2,Kanifing,2023-09-12
CUS0000227,tier_1,Abuja,2025-09-17
CUS0000228,tier_3,Port Harcourt,2024-04-01
CUS0000229,tier_1,Port Harcourt,2023-02-26
CUS0000230,tier_1,Kano,2024-09-28
CUS0000231,tier_2,Lagos,2022-11-18
CUS0000232,tier_1,Basse,2022-10-13
CUS0000233,tier_1,Abuja,2022-11-09
CUS0000234,tier_3,Port Harcourt,2022-11-17
CUS0000235,tier_1,Basse,2025-11-02
CUS0000236,tier_1,Basse,2024-02-05
CUS0000237,tier_1,Brikama,2025-03-13
CUS0000238,tier_2,Abuja,2025-08-11
CUS0000239,tier_1,Banjul,2025-06-27
CUS0000240,tier_2,Farafenni,2023-11-22
CUS0000241,tier_1,Lagos,2025-02-12
CUS0000242,tier_1,Lagos,2022-10-26
CUS0000243,tier_2,Banjul,2025-02-16
CUS0000244,tier_1,Port Harcourt,2025-09-21
CUS0000245,tier_2,Basse,2023-07-08
CUS0000246,tier_2,Kano,2023-07-10
CUS0000247,tier_1,Farafenni,2023-02-16
CUS0000248,tier_1,Abuja,2025-05-18
CUS0000249,tier_1,Port Harcourt,2023-04-10
CUS0000250,tier_1,Basse,2025-09-29
CUS0000251,tier_1,Port Harcourt,2025-09-10
CUS0000252,tier_1,Basse,2024-10-25
CUS0000253,tier_2,Basse,2024-05-18
CUS0000254,tier_1,Banjul,2023-03-19
CUS0000255,tier_2,Brikama,2025-04-11
CUS0000256,tier_1,Farafenni,2023-03-13
CUS0000257,tier_2,Lagos,2025-08-06
CUS0000258,tier_1,Banjul,2023-07-22
CUS0000259,tier_1,Kanifing,2024-03-30
CUS0000260,tier_2,Port Harcourt,2023-09-25
CUS0000261,tier_2,Abuja,2024-05-18
CUS0000262,tier_1,Banjul,2024-03-06
CUS0000263,tier_1,Port Harcourt,2023-06-03
CUS0000264,tier_2,Lagos,2025-07-04
CUS0000265,tier_1,Kanifing,2024-08-20
CUS0000266,tier_1,Abuja,2023-01-23
CUS0000267,tier_1,Basse,2024-02-05
CUS0000268,tier_1,Brikama,2025-07-28
CUS0000269,tier_1,Kanifing,2023-01-10
CUS0000270,tier_1,Lagos,2024-01-12
CUS0000271,tier_2,Brikama,2024-09-04
CUS0000272,tier_1,Basse,2024-11-22
CUS0000273,tier_1,Brikama,2025-07-30
CUS0000274,tier_1,Kano,2023-05-26
CUS0000275,tier_2,Port Harcourt,2023-06-26
CUS0000276,tier_2,Port Harcourt,2024-03-10
CUS0000277,tier_2,Lagos,2025-02-25
CUS0000278,tier_1,Kano,2023-07-10
CUS0000279,tier_2,Basse,2025-09-07
CUS0000280,tier_1,Kanifing,2024-04-05
CUS0000281,tier_1,Banjul,2025-09-06
CUS0000282,tier_1,Basse,2025-07-27
CUS0000283,tier_2,Kanifing,2023-02-27
CUS0000284,tier_1,Port Harcourt,2022-11-22
CUS0000285,tier_3,Banjul,2023-06-24
CUS0000286,tier_3,Port Harcourt,2024-12-11
CUS0000287,tier_1,Kano,2023-03-11
CUS0000288,tier_1,Banjul,2023-06-23
CUS0000289,tier_1,Lagos,2025-07-12
CUS0000290,tier_1,Brikama,2025-10-12
CUS0000291,tier_1,Kano,2023-07-16
CUS0000292,tier_1,Port Harcourt,2025-02-09
CUS0000293,tier_1,Basse,2023-10-30
CUS0000294,tier_1,Lagos,2025-09-15
CUS0000295,tier_2,Lagos,2025-08-19
CUS0000296,tier_1,Ibadan,2023-11-01
CUS0000297,tier_1,Port Harcourt,2025-02-27
CUS0000298,tier_1,Port Harcourt,2025-03-17
CUS0000299,tier_3,Basse,2023-10-21
CUS0000300,tier_1,Kanifing,2024-04-06
CUS0000301,tier_2,Lagos,2025-04-14
CUS0000302,tier_2,Ibadan,2025-06-23
CUS0000303,tier_2,Abuja,2023-02-24
CUS0000304,tier_1,Lagos,2024-04-08
CUS0000305,tier_1,Farafenni,2024-02-01
CUS0000306,tier_3,Kano,2024-12-03
CUS0000307,tier_1,Brikama,2025-02-17
CUS0000308,tier_1,Kanifing,2023-02-26
CUS0000309,tier_2,Ibadan,2025-10-15
CUS0000310,tier_2,Port Harcourt,2025-04-07
CUS0000311,tier_2,Brikama,2025-02-02
CUS0000312,tier_1,Port Harcourt,2025-01-26
CUS0000313,tier_2,Banjul,2023-09-12
CUS0000314,tier_1,Farafenni,2023-07-06
CUS0000315,tier_2,Kano,2024-09-08
CUS0000316,tier_1,Basse,2023-05-16
CUS0000317,tier_3,Farafenni,2023-12-09
CUS0000318,tier_2,Port Harcourt,2023-07-13
CUS0000319,tier_1,Basse,2023-11-10
CUS0000320,tier_1,Abuja,2025-02-03
CUS0000321,tier_2,Port Harcourt,2025-03-23
CUS0000322,tier_2,Banjul,2023-04-22
CUS0000323,tier_2,Ibadan,2025-06-04
CUS0000324,tier_2,Ibadan,2025-04-20
CUS0000325,tier_1,Brikama,2024-06-21
CUS0000326,tier_1,Ibadan,2025-03-05
CUS0000327,tier_2,Kanifing,2024-10-03
CUS0000328,tier_2,Lagos,2025-11-07
CUS0000329,tier_1,Abuja,2023-03-09
CUS0000330,tier_1,Abuja,2025-07-17
CUS0000331,tier_1,Banjul,2024-03-19
CUS0000332,tier_3,Lagos,2025-03-07
CUS0000333,tier_1,Basse,2023-05-09
CUS0000334,tier_2,Brikama,2023-05-16
CUS0000335,tier_1,Banjul,2025-07-22
CUS0000336,tier_1,Farafenni,2025-02-28
CUS0000337,tier_1,Port Harcourt,2023-01-16
CUS0000338,tier_1,Basse,2024-09-01
CUS0000339,tier_1,Banjul,2024-08-30
CUS0000340,tier_1,Port Harcourt,2023-06-09
CUS0000341,tier_1,Kano,2022-12-30
CUS0000342,tier_1,Ibadan,2022-10-11
CUS0000343,tier_1,Brikama,2024-05-14
CUS0000344,tier_1,Port Harcourt,2024-01-09
CUS0000345,tier_1,Abuja,2024-12-13
CUS0000346,tier_2,Kanifing,2023-01-24
CUS0000347,tier_3,Kanifing,2023-01-19
CUS0000348,tier_1,Ibadan,2022-11-23
CUS0000349,tier_1,Kano,2025-10-03
CUS0000350,tier_2,Lagos,2024-07-30
CUS0000351,tier_2,Lagos,2025-08-15
CUS0000352,tier_1,Kanifing,2022-09-27
CUS0000353,tier_2,Lagos,2025-04-02
CUS0000354,tier_1,Ibadan,2024-02-07
CUS0000355,tier_2,Brikama,2023-05-25
CUS0000356,tier_3,Kano,2024-12-23
CUS0000357,tier_2,Kanifing,2023-06-08
CUS0000358,tier_1,Farafenni,2025-10-03
CUS0000359,tier_2,Banjul,2024-03-25
CUS0000360,tier_3,Ibadan,2023-10-08
CUS0000361,tier_3,Ibadan,2023-05-07
CUS0000362,tier_1,Farafenni,2024-05-25
CUS0000363,tier_1,Banjul,2024-02-21
CUS0000364,tier_1,Lagos,2023-07-21
CUS0000365,tier_2,Kano,2023-11-01
CUS0000366,tier_1,Brikama,2023-03-21
CUS0000367,tier_2,Lagos,2023-02-02
CUS0000368,tier_1,Kanifing,2023-08-15
CUS0000369,tier_1,Port Harcourt,2024-12-27
CUS0000370,tier_1,Lagos,2025-06-04
CUS0000371,tier_1,Basse,2024-04-13
CUS0000372,tier_1,Abuja,2025-01-24
CUS0000373,tier_2,Lagos,2023-06-30
CUS0000374,tier_1,Lagos,2023-07-25
CUS0000375,tier_1,Banjul,2025-07-31
CUS0000376,tier_2,Abuja,2023-12-18
CUS0000377,tier_1,Brikama,2025-10-29
CUS0000378,tier_1,Port Harcourt,2023-07-18
CUS0000379,tier_1,Kanifing,2024-09-04
CUS0000380,tier_2,Lagos,2023-12-21
CUS0000381,tier_1,Port Harcourt,2025-10-26
CUS0000382,tier_2,Kano,2023-12-03
CUS0000383,tier_1,Kanifing,2022-10-13
CUS0000384,tier_1,Lagos,2023-10-08
CUS0000385,tier_1,Basse,2024-08-07
CUS0000386,tier_3,Banjul,2024-12-15
CUS0000387,tier_1,Abuja,2022-11-07
CUS0000388,tier_1,Basse,2023-07-02
CUS0000389,tier_1,Port Harcourt,2024-05-26
CUS0000390,tier_2,Kano,2024-11-17
CUS0000391,tier_1,Kanifing,2023-06-20
CUS0000392,tier_1,Kano,2025-07-05
CUS0000393,tier_2,Lagos,2024-01-20
CUS0000394,tier_2,Ibadan,2022-12-17
CUS0000395,tier_1,Basse,2025-02-12
CUS0000396,tier_2,Brikama,2023-12-22
CUS0000397,tier_1,Kanifing,2024-11-15
CUS0000398,tier_2,Farafenni,2023-03-26
CUS0000399,tier_1,Ibadan,2022-10-16
CUS0000400,tier_1,Ibadan,2025-04-10
CUS0000401,tier_2,Kanifing,2025-08-19
CUS0000402,tier_1,Kano,2023-01-20
CUS0000403,tier_1,Abuja,2022-10-11
CUS0000404,tier_1,Lagos,2025-08-02
CUS0000405,tier_1,Ibadan,2024-01-26
CUS0000406,tier_1,Ibadan,2024-12-24
CUS0000407,tier_2,Brikama,2023-07-29
CUS0000408,tier_1,Banjul,2025-04-21
CUS0000409,tier_1,Basse,2025-01-28
CUS0000410,tier_1,Farafenni,2024-01-23
CUS0000411,tier_3,Ibadan,2024-05-29
CUS0000412,tier_2,Basse,2024-11-24
CUS0000413,tier_2,Ibadan,2024-06-17
CUS0000414,tier_1,Basse,2023-01-04
CUS0000415,tier_1,Brikama,2022-09-29
CUS0000416,tier_1,Port Harcourt,2024-02-09
CUS0000417,tier_2,Port Harcourt,2025-10-08
CUS0000418,tier_2,Banjul,2025-07-18
CUS0000419,tier_1,Port Harcourt,2024-07-07
CUS0000420,tier_2,Port Harcourt,2023-08-31
CUS0000421,tier_2,Banjul,2023-03-18
CUS0000422,tier_2,Ibadan,2024-05-17
CUS0000423,tier_2,Basse,2023-04-17
CUS0000424,tier_1,Abuja,2024-05-01
CUS0000425,tier_1,Banjul,2025-02-11
CUS0000426,tier_1,Kano,2023-05-25
CUS0000427,tier_1,Port Harcourt,2025-03-12
CUS0000428,tier_1,Lagos,2024-01-24
CUS0000429,tier_3,Brikama,2023-12-04
CUS0000430,tier_1,Kanifing,2024-03-18
CUS0000431,tier_1,Kanifing,2024-07-02
CUS0000432,tier_1,Brikama,2025-06-16
CUS0000433,tier_1,Abuja,2023-08-28
CUS0000434,tier_1,Brikama,2024-03-01
CUS0000435,tier_3,Lagos,2024-12-08
CUS0000436,tier_2,Kano,2023-02-11
CUS0000437,tier_1,Basse,2023-03-19
CUS0000438,tier_1,Abuja,2023-03-02
CUS0000439,tier_1,Farafenni,2024-10-17
CUS0000440,tier_2,Banjul,2025-09-19
CUS0000441,tier_1,Port Harcourt,2023-05-13
CUS0000442,tier_1,Banjul,2025-05-25
CUS0000443,tier_1,Basse,2023-12-13
CUS0000444,tier_2,Lagos,2025-09-30
CUS0000445,tier_1,Port Harcourt,2022-11-07
CUS0000446,tier_1,Ibadan,2024-05-19
CUS0000447,tier_1,Ibadan,2023-06-23
CUS0000448,tier_2,Basse,2025-05-02
CUS0000449,tier_1,Kanifing,2023-10-17
CUS0000450,tier_1,Lagos,2022-11-15
CUS0000451,tier_3,Brikama,2024-11-19
CUS0000452,tier_2,Abuja,2023-03-13
CUS0000453,tier_1,Banjul,2025-03-26
CUS0000454,tier_2,Kano,2023-02-02
CUS0000455,tier_1,Port Harcourt,2023-02-10
CUS0000456,tier_1,Port Harcourt,2024-03-19
CUS0000457,tier_1,Port Harcourt,2024-04-28
CUS0000458,tier_2,Ibadan,2023-02-22
CUS0000459,tier_1,Port Harcourt,2024-04-27
CUS0000460,tier_1,Banjul,2023-12-08
CUS0000461,tier_1,Kanifing,2023-08-31
CUS0000462,tier_2,Banjul,2023-05-05
CUS0000463,tier_1,Port Harcourt,2022-10-06
CUS0000464,tier_1,Banjul,2022-09-23
CUS0000465,tier_1,Ibadan,2023-11-14
CUS0000466,tier_1,Farafenni,2025-10-28
CUS0000467,tier_2,Kanifing,2024-12-06
CUS0000468,tier_1,Lagos,2023-08-27
CUS0000469,tier_1,Farafenni,2023-09-13
CUS0000470,tier_1,Port Harcourt,2023-05-11
CUS0000471,tier_2,Banjul,2025-03-24
CUS0000472,tier_1,Ibadan,2024-03-06
CUS0000473,tier_3,Kano,2023-01-20
CUS0000474,tier_1,Brikama,2023-06-04
CUS0000475,tier_3,Lagos,2022-12-09
CUS0000476,tier_1,Basse,2023-04-15
CUS0000477,tier_1,Farafenni,2024-06-08
CUS0000478,tier_2,Farafenni,2024-05-01
CUS0000479,tier_2,Farafenni,2023-04-05
CUS0000480,tier_1,Lagos,2022-11-10
CUS0000481,tier_3,Basse,2024-05-21
CUS0000482,tier_1,Ibadan,2023-11-15
CUS0000483,tier_2,Abuja,2024-01-25
CUS0000484,tier_3,Brikama,2024-05-16
CUS0000485,tier_1,Kanifing,2024-01-22
CUS0000486,tier_3,Basse,2023-04-25
CUS0000487,tier_1,Ibadan,2024-06-24
CUS0000488,tier_3,Basse,2025-03-25
CUS0000489,tier_1,Port Harcourt,2024-08-28
CUS0000490,tier_1,Ibadan,2024-09-25
CUS0000491,tier_2,Banjul,2025-06-09
CUS0000492,tier_1,Kano,2025-06-09
CUS0000493,tier_2,Brikama,2025-12-21
CUS0000494,tier_3,Brikama,2023-09-20
CUS0000495,tier_2,Kano,2023-04-29
CUS0000496,tier_2,Basse,2024-03-14
CUS0000497,tier_1,Banjul,2025-07-01
CUS0000498,tier_2,Farafenni,2023-01-01
CUS0000499,tier_2,Banjul,2025-01-07
CUS0000500,tier_1,Brikama,2025-10-18
CUS0000501,tier_3,Abuja,2023-03-23
CUS0000502,tier_1,Basse,2025-10-16
CUS0000503,tier_1,Port Harcourt,2025-05-26
CUS0000504,tier_3,Lagos,2024-05-28
CUS0000505,tier_1,Ibadan,2023-01-23
CUS0000506,tier_1,Brikama,2023-03-05
CUS0000507,tier_1,Farafenni,2025-05-15
CUS0000508,tier_1,Kano,2024-07-23
CUS0000509,tier_2,Banjul,2024-02-10
CUS0000510,tier_2,Port Harcourt,2024-12-01
CUS0000511,tier_1,Abuja,2023-08-09
CUS0000512,tier_1,Kanifing,2023-10-03
CUS0000513,tier_2,Brikama,2025-03-19
CUS0000514,tier_1,Farafenni,2025-12-18
CUS0000515,tier_1,Farafenni,2023-07-01
CUS0000516,tier_2,Lagos,2024-04-22
CUS0000517,tier_2,Port Harcourt,2025-12-08
CUS0000518,tier_1,Lagos,2024-09-04
CUS0000519,tier_1,Kanifing,2023-05-23
CUS0000520,tier_1,Abuja,2023-03-08
CUS0000521,tier_3,Basse,2025-05-05
CUS0000522,tier_2,Basse,2023-12-10
CUS0000523,tier_2,Farafenni,2025-04-02
CUS0000524,tier_1,Kano,2023-11-27
CUS0000525,tier_1,Ibadan,2023-05-12
CUS0000526,tier_2,Farafenni,2024-08-12
CUS0000527,tier_2,Port Harcourt,2025-07-17
CUS0000528,tier_1,Ibadan,2023-12-22
CUS0000529,tier_1,Port Harcourt,2025-05-16
CUS0000530,tier_1,Ibadan,2023-03-02
CUS0000531,tier_1,Ibadan,2025-02-28
CUS0000532,tier_1,Ibadan,2023-07-11
CUS0000533,tier_1,Farafenni,2022-09-24
CUS0000534,tier_1,Ibadan,2023-07-03
CUS0000535,tier_2,Kano,2025-04-05
CUS0000536,tier_1,Kano,2022-11-03
CUS0000537,tier_1,Kano,2024-04-09
CUS0000538,tier_2,Abuja,2024-07-28
CUS0000539,tier_2,Farafenni,2022-10-04
CUS0000540,tier_1,Abuja,2024-01-26
CUS0000541,tier_2,Ibadan,2025-08-30
CUS0000542,tier_3,Kanifing,2023-05-10
CUS0000543,tier_1,Abuja,2024-12-28
CUS0000544,tier_2,Abuja,2023-11-26
CUS0000545,tier_3,Abuja,2023-06-27
CUS0000546,tier_2,Abuja,2023-11-23
CUS0000547,tier_1,Ibadan,2025-04-03
CUS0000548,tier_2,Lagos,2025-05-03
CUS0000549,tier_1,Ibadan,2023-10-19
CUS0000550,tier_1,Farafenni,2025-12-24
CUS0000551,tier_2,Basse,2023-05-28
CUS0000552,tier_2,Ibadan,2023-08-16
CUS0000553,tier_1,Farafenni,2024-08-12
CUS0000554,tier_1,Brikama,2024-06-15
CUS0000555,tier_1,Kanifing,2025-10-27
CUS0000556,tier_2,Abuja,2025-11-29
CUS0000557,tier_1,Kanifing,2025-06-08
CUS0000558,tier_2,Kano,2025-09-23
CUS0000559,tier_1,Banjul,2023-09-30
CUS0000560,tier_1,Ibadan,2024-10-13
CUS0000561,tier_2,Banjul,2025-03-20
CUS0000562,tier_1,Basse,2024-09-08
CUS0000563,tier_2,Port Harcourt,2024-03-18
CUS0000564,tier_2,Lagos,2024-09-02
CUS0000565,tier_1,Brikama,2023-01-29
CUS0000566,tier_1,Basse,2024-06-16
CUS0000567,tier_1,Port Harcourt,2025-01-07
CUS0000568,tier_2,Abuja,2022-11-19
CUS0000569,tier_1,Lagos,2023-11-12
CUS0000570,tier_2,Lagos,2023-09-01
CUS0000571,tier_1,Basse,2023-11-22
CUS0000572,tier_1,Ibadan,2023-05-07
CUS0000573,tier_1,Farafenni,2024-04-25
CUS0000574,tier_2,Brikama,2023-05-28
CUS0000575,tier_3,Ibadan,2023-09-08
CUS0000576,tier_3,Ibadan,2023-01-11
CUS0000577,tier_1,Farafenni,2024-07-27
CUS0000578,tier_1,Kanifing,2023-06-24
CUS0000579,tier_2,Kanifing,2022-12-31
CUS0000580,tier_2,Farafenni,2025-09-17
CUS0000581,tier_1,Port Harcourt,2025-10-12
CUS0000582,tier_2,Farafenni,2022-11-13
CUS0000583,tier_1,Farafenni,2024-02-19
CUS0000584,tier_1,Banjul,2024-10-24
CUS0000585,tier_3,Kanifing,2023-04-26
CUS0000586,tier_3,Port Harcourt,2024-11-08
CUS0000587,tier_1,Farafenni,2022-11-27
CUS0000588,tier_1,Basse,2023-11-13
CUS0000589,tier_1,Lagos,2024-04-09
CUS0000590,tier_1,Ibadan,2023-03-19
CUS0000591,tier_1,Kano,2024-03-16
CUS0000592,tier_3,Lagos,2024-03-31
CUS0000593,tier_1,Port Harcourt,2024-10-04
CUS0000594,tier_2,Banjul,2024-07-15
CUS0000595,tier_2,Port Harcourt,2022-10-02
CUS0000596,tier_2,Basse,2025-02-22
CUS0000597,tier_1,Farafenni,2023-11-15
CUS0000598,tier_2,Farafenni,2023-03-15
CUS0000599,tier_2,Lagos,2024-07-22
CUS0000600,tier_2,Kano,2023-04-02
CUS0000601,tier_1,Lagos,2025-01-19
CUS0000602,tier_1,Ibadan,2023-04-06
CUS0000603,tier_1,Ibadan,2025-09-02
CUS0000604,tier_1,Kanifing,2025-09-23
CUS0000605,tier_2,Abuja,2025-03-25
CUS0000606,tier_2,Farafenni,2025-08-14
CUS0000607,tier_2,Banjul,2024-10-10
CUS0000608,tier_1,Lagos,2025-08-30
CUS0000609,tier_2,Port Harcourt,2023-04-17
CUS0000610,tier_2,Banjul,2025-12-18
CUS0000611,tier_1,Abuja,2025-12-07
CUS0000612,tier_1,Basse,2022-12-30
CUS0000613,tier_3,Banjul,2023-03-09
CUS0000614,tier_2,Abuja,2024-12-29
CUS0000615,tier_1,Kanifing,2023-01-23
CUS0000616,tier_1,Farafenni,2023-01-18
CUS0000617,tier_1,Lagos,2024-07-02
CUS0000618,tier_2,Kanifing,2023-11-28
CUS0000619,tier_3,Kano,2022-10-31
CUS0000620,tier_1,Farafenni,2024-04-26
CUS0000621,tier_2,Kanifing,2025-10-28
CUS0000622,tier_1,Abuja,2023-11-20
CUS0000623,tier_2,Banjul,2025-12-12
CUS0000624,tier_2,Kanifing,2023-03-14
CUS0000625,tier_2,Lagos,2022-10-30
CUS0000626,tier_3,Kanifing,2023-01-15
CUS0000627,tier_3,Farafenni,2024-10-25
CUS0000628,tier_3,Port Harcourt,2023-05-03
CUS0000629,tier_1,Kanifing,2024-06-05
CUS0000630,tier_2,Port Harcourt,2025-10-25
CUS0000631,tier_1,Lagos,2025-11-29
CUS0000632,tier_3,Port Harcourt,2025-03-11
CUS0000633,tier_2,Abuja,2025-07-27
CUS0000634,tier_1,Port Harcourt,2024-08-26
CUS0000635,tier_2,Abuja,2022-12-20
CUS0000636,tier_1,Brikama,2025-07-24
CUS0000637,tier_1,Lagos,2025-09-13
CUS0000638,tier_1,Farafenni,2025-07-29
CUS0000639,tier_1,Port Harcourt,2023-10-11
CUS0000640,tier_3,Lagos,2025-11-01
CUS0000641,tier_2,Kano,2023-04-02
CUS0000642,tier_1,Ibadan,2023-11-24
CUS0000643,tier_1,Port Harcourt,2023-11-14
CUS0000644,tier_1,Port Harcourt,2024-05-06
CUS0000645,tier_2,Kanifing,2025-07-16
CUS0000646,tier_1,Abuja,2025-02-19
CUS0000647,tier_2,Lagos,2023-12-24
CUS0000648,tier_1,Banjul,2024-04-09
CUS0000649,tier_1,Basse,2025-06-05
CUS0000650,tier_1,Brikama,2023-08-02
CUS0000651,tier_1,Ibadan,2023-02-16
CUS0000652,tier_1,Banjul,2025-07-01
CUS0000653,tier_1,Kanifing,2024-03-07
CUS0000654,tier_2,Banjul,2024-05-13
CUS0000655,tier_1,Kanifing,2022-11-12
CUS0000656,tier_3,Farafenni,2022-10-17
CUS0000657,tier_1,Abuja,2025-01-18
CUS0000658,tier_1,Basse,2024-06-30
CUS0000659,tier_1,Kanifing,2025-01-23
CUS0000660,tier_1,Abuja,2024-04-27
CUS0000661,tier_1,Kanifing,2023-12-23
CUS0000662,tier_1,Farafenni,2023-03-22
CUS0000663,tier_2,Farafenni,2023-06-08
CUS0000664,tier_1,Basse,2025-12-18
CUS0000665,tier_3,Lagos,2023-11-14
CUS0000666,tier_2,Lagos,2023-07-14
CUS0000667,tier_1,Port Harcourt,2025-03-28
CUS0000668,tier_1,Port Harcourt,2024-11-15
CUS0000669,tier_1,Brikama,2023-10-08
CUS0000670,tier_3,Basse,2023-04-01
CUS0000671,tier_3,Farafenni,2024-03-04
CUS0000672,tier_1,Abuja,2023-12-15
CUS0000673,tier_1,Port Harcourt,2024-11-17
CUS0000674,tier_2,Ibadan,2024-12-28
CUS0000675,tier_2,Ibadan,2025-11-06
CUS0000676,tier_3,Kano,2024-10-28
CUS0000677,tier_1,Basse,2025-08-12
CUS0000678,tier_2,Abuja,2023-03-15
CUS0000679,tier_1,Basse,2024-08-23
CUS0000680,tier_1,Brikama,2023-08-18
CUS0000681,tier_2,Kanifing,2023-06-26
CUS0000682,tier_3,Kano,2022-09-26
CUS0000683,tier_1,Ibadan,2023-08-28
CUS0000684,tier_1,Lagos,2022-12-28
CUS0000685,tier_2,Kanifing,2025-05-22
CUS0000686,tier_2,Lagos,2025-01-25
CUS0000687,tier_2,Banjul,2022-11-04
CUS0000688,tier_3,Abuja,2024-02-21
CUS0000689,tier_3,Abuja,2025-05-29
CUS0000690,tier_1,Basse,2024-10-03
CUS0000691,tier_1,Ibadan,2022-11-15
CUS0000692,tier_2,Port Harcourt,2024-10-05
CUS0000693,tier_1,Abuja,2023-05-28
CUS0000694,tier_2,Port Harcourt,2023-03-13
CUS0000695,tier_1,Banjul,2023-04-18
CUS0000696,tier_1,Abuja,2025-07-09
CUS0000697,tier_1,Brikama,2024-01-18
CUS0000698,tier_1,Kano,2024-11-03
CUS0000699,tier_1,Lagos,2023-05-01
CUS0000700,tier_1,Kano,2024-03-18
CUS0000701,tier_1,Banjul,2025-05-10
CUS0000702,tier_1,Lagos,2025-05-22
CUS0000703,tier_2,Brikama,2024-08-19
CUS0000704,tier_1,Ibadan,2025-02-07
CUS0000705,tier_1,Abuja,2023-05-30
CUS0000706,tier_1,Abuja,2024-12-19
CUS0000707,tier_1,Abuja,2023-10-13
CUS0000708,tier_1,Port Harcourt,2024-11-22
CUS0000709,tier_1,Abuja,2023-10-27
CUS0000710,tier_1,Farafenni,2024-11-05
CUS0000711,tier_1,Kanifing,2022-10-06
CUS0000712,tier_1,Ibadan,2024-12-14
CUS0000713,tier_1,Farafenni,2023-06-08
CUS0000714,tier_1,Kano,2023-01-16
CUS0000715,tier_3,Lagos,2023-10-28
CUS0000716,tier_2,Port Harcourt,2025-05-12
CUS0000717,tier_1,Kano,2025-01-12
CUS0000718,tier_2,Basse,2025-07-11
CUS0000719,tier_2,Lagos,2025-05-04
CUS0000720,tier_1,Kanifing,2024-12-22
CUS0000721,tier_1,Brikama,2023-02-19
CUS0000722,tier_1,Port Harcourt,2025-03-24
CUS0000723,tier_2,Abuja,2024-12-16
CUS0000724,tier_1,Ibadan,2025-01-11
CUS0000725,tier_2,Kano,2024-05-19
CUS0000726,tier_1,Lagos,2023-06-22
CUS0000727,tier_2,Lagos,2025-12-12
CUS0000728,tier_1,Farafenni,2023-11-06
CUS0000729,tier_3,Ibadan,2023-03-24
CUS0000730,tier_1,Kano,2023-09-02
CUS0000731,tier_2,Kano,2023-04-06
CUS0000732,tier_1,Port Harcourt,2025-10-29
CUS0000733,tier_2,Farafenni,2024-05-12
CUS0000734,tier_1,Farafenni,2022-12-26
CUS0000735,tier_1,Kano,2022-10-30
CUS0000736,tier_2,Kano,2022-12-02
CUS0000737,tier_1,Port Harcourt,2025-05-12
CUS0000738,tier_1,Ibadan,2023-12-11
CUS0000739,tier_1,Banjul,2023-07-12
CUS0000740,tier_1,Abuja,2025-06-05
CUS0000741,tier_2,Farafenni,2024-05-01
CUS0000742,tier_2,Banjul,2023-06-24
CUS0000743,tier_1,Kanifing,2023-07-16
CUS0000744,tier_2,Kanifing,2024-09-02
CUS0000745,tier_1,Port Harcourt,2024-01-13
CUS0000746,tier_2,Port Harcourt,2023-08-08
CUS0000747,tier_1,Brikama,2024-11-03
CUS0000748,tier_2,Banjul,2022-10-21
CUS0000749,tier_1,Basse,2022-12-24
CUS0000750,tier_1,Basse,2024-05-18
CUS0000751,tier_2,Ibadan,2025-06-19
CUS0000752,tier_1,Abuja,2025-09-01
CUS0000753,tier_3,Brikama,2025-04-04
CUS0000754,tier_1,Lagos,2024-08-12
CUS0000755,tier_2,Abuja,2023-04-04
CUS0000756,tier_1,Basse,2023-09-05
CUS0000757,tier_1,Kanifing,2025-06-24
CUS0000758,tier_1,Basse,2023-12-07
CUS0000759,tier_1,Kano,2024-03-01
CUS0000760,tier_2,Kanifing,2023-06-07
CUS0000761,tier_2,Lagos,2025-08-24
CUS0000762,tier_2,Abuja,2024-10-11
CUS0000763,tier_3,Farafenni,2023-03-24
CUS0000764,tier_1,Basse,2024-02-09
CUS0000765,tier_1,Brikama,2022-10-29
CUS0000766,tier_2,Lagos,2025-09-23
CUS0000767,tier_1,Kano,2025-11-28
CUS0000768,tier_1,Brikama,2023-07-12
CUS0000769,tier_1,Abuja,2024-11-12
CUS0000770,tier_3,Brikama,2024-04-22
CUS0000771,tier_1,Basse,2025-06-23
CUS0000772,tier_2,Basse,2025-07-16
CUS0000773,tier_1,Brikama,2025-09-16
CUS0000774,tier_1,Basse,2024-09-08
CUS0000775,tier_1,Kanifing,2025-06-20
CUS0000776,tier_1,Kano,2025-07-25
CUS0000777,tier_1,Farafenni,2023-02-02
CUS0000778,tier_2,Banjul,2025-12-15
CUS0000779,tier_2,Kanifing,2023-08-20
CUS0000780,tier_2,Kano,2025-08-08
CUS0000781,tier_1,Kanifing,2025-06-05
CUS0000782,tier_1,Lagos,2024-04-28
CUS0000783,tier_1,Brikama,2025-03-14
CUS0000784,tier_1,Port Harcourt,2025-12-14
CUS0000785,tier_2,Brikama,2023-07-14
CUS0000786,tier_1,Farafenni,2025-02-24
CUS0000787,tier_3,Port Harcourt,2023-07-09
CUS0000788,tier_2,Kanifing,2025-06-09
CUS0000789,tier_1,Kanifing,2023-11-06
CUS0000790,tier_1,Abuja,2024-03-27
CUS0000791,tier_2,Farafenni,2024-06-12
CUS0000792,tier_2,Farafenni,2022-11-24
CUS0000793,tier_2,Port Harcourt,2024-05-27
CUS0000794,tier_2,Banjul,2024-04-23
CUS0000795,tier_1,Port Harcourt,2023-02-22
CUS0000796,tier_1,Abuja,2024-05-05
CUS0000797,tier_2,Farafenni,2023-03-24
CUS0000798,tier_1,Farafenni,2023-03-14
CUS0000799,tier_2,Kanifing,2023-01-15
CUS0000800,tier_2,Banjul,2023-12-23
CUS0000801,tier_3,Brikama,2023-10-31
CUS0000802,tier_2,Port Harcourt,2023-08-23
CUS0000803,tier_1,Brikama,2023-05-12
CUS0000804,tier_3,Kanifing,2025-11-27
CUS0000805,tier_2,Banjul,2024-07-13
CUS0000806,tier_1,Banjul,2023-10-08
CUS0000807,tier_1,Ibadan,2023-09-03
CUS0000808,tier_1,Abuja,2025-07-16
CUS0000809,tier_2,Ibadan,2025-02-22
CUS0000810,tier_1,Basse,2025-07-23
CUS0000811,tier_1,Farafenni,2025-02-16
CUS0000812,tier_1,Abuja,2025-08-18
CUS0000813,tier_1,Abuja,2024-08-30
CUS0000814,tier_1,Kanifing,2023-07-26
CUS0000815,tier_1,Port Harcourt,2025-09-10
CUS0000816,tier_1,Brikama,2025-05-01
CUS0000817,tier_1,Brikama,2025-12-08
CUS0000818,tier_1,Lagos,2023-01-25
CUS0000819,tier_1,Basse,2025-01-24
CUS0000820,tier_1,Basse,2025-05-04
CUS0000821,tier_2,Banjul,2024-02-14
CUS0000822,tier_2,Basse,2023-01-24
CUS0000823,tier_1,Port Harcourt,2025-07-27
CUS0000824,tier_1,Ibadan,2023-12-25
CUS0000825,tier_1,Port Harcourt,2025-01-24
CUS0000826,tier_1,Basse,2025-06-04
CUS0000827,tier_2,Kanifing,2024-09-20
CUS0000828,tier_2,Banjul,2025-10-02
CUS0000829,tier_2,Banjul,2024-08-18
CUS0000830,tier_1,Lagos,2023-11-08
CUS0000831,tier_3,Brikama,2025-10-20
CUS0000832,tier_2,Abuja,2024-09-28
CUS0000833,tier_1,Abuja,2024-03-16
CUS0000834,tier_1,Kanifing,2022-10-18
CUS0000835,tier_1,Ibadan,2025-09-15
CUS0000836,tier_1,Ibadan,2025-09-28
CUS0000837,tier_3,Kanifing,2023-05-24
CUS0000838,tier_2,Basse,2024-03-01
CUS0000839,tier_1,Kano,2025-12-15
CUS0000840,tier_1,Basse,2022-11-03
CUS0000841,tier_2,Port Harcourt,2024-08-22
CUS0000842,tier_1,Port Harcourt,2023-03-27
CUS0000843,tier_3,Farafenni,2022-12-08
CUS0000844,tier_2,Farafenni,2025-02-26
CUS0000845,tier_1,Abuja,2025-11-13
CUS0000846,tier_1,Lagos,2025-12-12
CUS0000847,tier_3,Banjul,2023-11-22
CUS0000848,tier_2,Basse,2025-06-02
CUS0000849,tier_1,Farafenni,2023-08-25
CUS0000850,tier_1,Banjul,2025-03-15
CUS0000851,tier_2,Kanifing,2025-10-03
CUS0000852,tier_3,Ibadan,2023-09-08
CUS0000853,tier_2,Lagos,2023-06-07
CUS0000854,tier_3,Kanifing,2022-09-29
CUS0000855,tier_1,Brikama,2023-10-16
CUS0000856,tier_1,Port Harcourt,2025-08-26
CUS0000857,tier_1,Brikama,2024-09-03
CUS0000858,tier_1,Lagos,2023-10-19
CUS0000859,tier_2,Lagos,2024-03-20
CUS0000860,tier_1,Farafenni,2025-08-01
CUS0000861,tier_3,Brikama,2022-09-21
CUS0000862,tier_1,Kanifing,2025-01-29
CUS0000863,tier_1,Lagos,2023-09-21
CUS0000864,tier_1,Lagos,2024-11-01
CUS0000865,tier_1,Kano,2024-07-07
CUS0000866,tier_2,Kanifing,2025-02-12
CUS0000867,tier_2,Basse,2025-10-10
CUS0000868,tier_1,Lagos,2025-03-03
CUS0000869,tier_1,Farafenni,2024-01-03
CUS0000870,tier_1,Banjul,2024-04-28
CUS0000871,tier_1,Brikama,2025-10-29
CUS0000872,tier_3,Kano,2022-11-19
CUS0000873,tier_2,Farafenni,2025-06-21
CUS0000874,tier_1,Brikama,2025-04-27
CUS0000875,tier_1,Farafenni,2025-04-08
CUS0000876,tier_1,Abuja,2023-11-30
CUS0000877,tier_2,Kanifing,2022-09-26
CUS0000878,tier_2,Kanifing,2025-11-17
CUS0000879,tier_3,Farafenni,2023-07-07
CUS0000880,tier_2,Kanifing,2024-02-21
CUS0000881,tier_1,Kano,2025-09-19
CUS0000882,tier_1,Port Harcourt,2023-07-28
CUS0000883,tier_2,Abuja,2023-03-21
CUS0000884,tier_1,Abuja,2025-01-12
CUS0000885,tier_1,Brikama,2024-06-16
CUS0000886,tier_1,Brikama,2025-10-22
CUS0000887,tier_2,Port Harcourt,2024-08-15
CUS0000888,tier_2,Kano,2023-09-10
CUS0000889,tier_2,Kano,2025-08-29
CUS0000890,tier_1,Abuja,2025-03-25
CUS0000891,tier_1,Ibadan,2024-08-08
CUS0000892,tier_2,Ibadan,2025-11-22
CUS0000893,tier_3,Lagos,2023-04-24
CUS0000894,tier_1,Kano,2024-01-27
CUS0000895,tier_3,Ibadan,2024-03-13
CUS0000896,tier_1,Brikama,2025-11-08
CUS0000897,tier_1,Farafenni,2025-11-01
CUS0000898,tier_2,Basse,2025-09-03
CUS0000899,tier_2,Kano,2023-01-12
CUS0000900,tier_1,Port Harcourt,2024-09-11
CUS0000901,tier_3,Kanifing,2024-08-11
CUS0000902,tier_2,Basse,2023-01-04
CUS0000903,tier_2,Banjul,2024-10-08
CUS0000904,tier_2,Abuja,2024-01-05
CUS0000905,tier_3,Brikama,2025-01-05
CUS0000906,tier_1,Lagos,2023-12-28
CUS0000907,tier_3,Banjul,2024-01-11
CUS0000908,tier_3,Port Harcourt,2025-03-15
CUS0000909,tier_2,Farafenni,2023-03-29
CUS0000910,tier_1,Brikama,2023-04-02
CUS0000911,tier_1,Banjul,2024-09-11
CUS0000912,tier_2,Banjul,2023-01-18
CUS0000913,tier_1,Lagos,2024-11-14
CUS0000914,tier_2,Lagos,2025-01-02
CUS0000915,tier_3,Lagos,2025-09-01
CUS0000916,tier_1,Port Harcourt,2025-03-16
CUS0000917,tier_2,Ibadan,2023-12-15
CUS0000918,tier_3,Lagos,2023-10-13
CUS0000919,tier_2,Lagos,2024-04-22
CUS0000920,tier_1,Brikama,2023-07-21
CUS0000921,tier_2,Kano,2024-03-22
CUS0000922,tier_1,Ibadan,2024-01-01
CUS0000923,tier_1,Port Harcourt,2025-01-06
CUS0000924,tier_1,Basse,2025-04-15
CUS0000925,tier_1,Banjul,2022-10-15
CUS0000926,tier_1,Port Harcourt,2025-10-26
CUS0000927,tier_1,Lagos,2024-10-05
CUS0000928,tier_2,Kanifing,2023-03-21
CUS0000929,tier_1,Kanifing,2024-08-31
CUS0000930,tier_1,Lagos,2025-01-22
CUS0000931,tier_2,Kanifing,2024-02-13
CUS0000932,tier_1,Basse,2024-10-28
CUS0000933,tier_1,Kanifing,2024-01-14
CUS0000934,tier_1,Kanifing,2025-12-29
CUS0000935,tier_1,Kano,2023-08-25
CUS0000936,tier_3,Abuja,2023-03-28
CUS0000937,tier_2,Lagos,2022-12-09
CUS0000938,tier_1,Kano,2022-10-05
CUS0000939,tier_2,Farafenni,2025-02-01
CUS0000940,tier_1,Banjul,2024-05-07
CUS0000941,tier_1,Basse,2025-05-31
CUS0000942,tier_1,Brikama,2023-11-24
CUS0000943,tier_1,Kanifing,2022-12-07
CUS0000944,tier_3,Kanifing,2024-02-08
CUS0000945,tier_2,Port Harcourt,2023-04-18
CUS0000946,tier_2,Abuja,2025-01-28
CUS0000947,tier_2,Abuja,2025-02-13
CUS0000948,tier_1,Lagos,2024-11-06
CUS0000949,tier_3,Abuja,2022-11-23
CUS0000950,tier_2,Ibadan,2024-07-06
CUS0000951,tier_2,Basse,2024-09-01
CUS0000952,tier_1,Abuja,2022-10-18
CUS0000953,tier_1,Kano,2025-02-20
CUS0000954,tier_1,Banjul,2023-08-09
CUS0000955,tier_1,Port Harcourt,2023-04-23
CUS0000956,tier_1,Banjul,2024-11-03
CUS0000957,tier_1,Basse,2025-07-17
CUS0000958,tier_1,Kanifing,2024-04-09
CUS0000959,tier_2,Kano,2023-04-05
CUS0000960,tier_2,Basse,2025-06-28
CUS0000961,tier_2,Abuja,2024-12-18
CUS0000962,tier_1,Abuja,2023-12-06
CUS0000963,tier_1,Banjul,2024-07-10
CUS0000964,tier_1,Basse,2024-09-24
CUS0000965,tier_2,Port Harcourt,2025-08-27
CUS0000966,tier_1,Kanifing,2025-07-09
CUS0000967,tier_2,Ibadan,2023-09-06
CUS0000968,tier_3,Port Harcourt,2024-09-22
CUS0000969,tier_2,Abuja,2023-01-26
CUS0000970,tier_1,Ibadan,2023-05-04
CUS0000971,tier_2,Farafenni,2023-05-01
CUS0000972,tier_1,Abuja,2025-10-21
CUS0000973,tier_1,Ibadan,2022-10-18
CUS0000974,tier_2,Port Harcourt,2025-03-05
CUS0000975,tier_1,Kano,2025-01-11
CUS0000976,tier_3,Brikama,2024-10-24
CUS0000977,tier_2,Brikama,2025-10-05
CUS0000978,tier_1,Abuja,2024-11-13
CUS0000979,tier_3,Brikama,2024-07-21
CUS0000980,tier_1,Kanifing,2025-07-06
CUS0000981,tier_1,Abuja,2022-11-27
CUS0000982,tier_1,Basse,2023-02-01
CUS0000983,tier_1,Banjul,2023-01-26
CUS0000984,tier_2,Kanifing,2023-09-05
CUS0000985,tier_1,Port Harcourt,2022-09-25
CUS0000986,tier_2,Kanifing,2025-05-29
CUS0000987,tier_2,Kanifing,2024-05-25
CUS0000988,tier_2,Lagos,2023-09-12
CUS0000989,tier_1,Kano,2022-10-17
CUS0000990,tier_2,Banjul,2025-01-13
CUS0000991,tier_1,Brikama,2023-10-01
CUS0000992,tier_1,Lagos,2024-09-01
CUS0000993,tier_1,Kano,2024-06-29
CUS0000994,tier_2,Banjul,2024-02-09
CUS0000995,tier_2,Basse,2024-04-04
CUS0000996,tier_1,Kano,2025-06-13
CUS0000997,tier_3,Farafenni,2025-03-31
CUS0000998,tier_1,Kano,2024-03-14
CUS0000999,tier_1,Abuja,2025-07-02
CUS0001000,tier_1,Farafenni,2023-09-20
CUS0001001,tier_2,Ibadan,2023-11-27
CUS0001002,tier_2,Ibadan,2025-02-09
CUS0001003,tier_1,Ibadan,2023-09-27
CUS0001004,tier_1,Ibadan,2022-10-24
CUS0001005,tier_1,Farafenni,2024-11-15
CUS0001006,tier_2,Farafenni,2025-10-25
CUS0001007,tier_1,Lagos,2024-11-19
CUS0001008,tier_1,Kano,2023-03-03
CUS0001009,tier_1,Kanifing,2025-10-30
CUS0001010,tier_1,Kano,2023-07-02
CUS0001011,tier_1,Kano,2022-11-28
CUS0001012,tier_1,Brikama,2024-07-20
CUS0001013,tier_2,Kanifing,2024-05-27
CUS0001014,tier_1,Banjul,2025-02-01
CUS0001015,tier_2,Farafenni,2024-10-04
CUS0001016,tier_2,Farafenni,2024-06-28
CUS0001017,tier_2,Ibadan,2025-11-20
CUS0001018,tier_2,Banjul,2023-05-06
CUS0001019,tier_3,Brikama,2025-12-14
CUS0001020,tier_1,Port Harcourt,2024-04-15
CUS0001021,tier_2,Basse,2023-08-17
CUS0001022,tier_2,Lagos,2023-06-05
CUS0001023,tier_1,Kano,2024-04-22
CUS0001024,tier_2,Port Harcourt,2023-10-10
CUS0001025,tier_2,Banjul,2023-02-18
CUS0001026,tier_3,Lagos,2022-11-08
CUS0001027,tier_2,Port Harcourt,2024-06-01
CUS0001028,tier_1,Kanifing,2023-04-20
CUS0001029,tier_1,Basse,2024-03-06
CUS0001030,tier_2,Basse,2024-04-29
CUS0001031,tier_1,Ibadan,2024-08-26
CUS0001032,tier_2,Port Harcourt,2023-09-26
CUS0001033,tier_2,Brikama,2025-11-09
CUS0001034,tier_2,Basse,2024-07-18
CUS0001035,tier_3,Abuja,2023-10-28
CUS0001036,tier_2,Port Harcourt,2022-10-17
CUS0001037,tier_2,Lagos,2024-10-02
CUS0001038,tier_2,Kano,2023-12-28
CUS0001039,tier_1,Brikama,2022-11-14
CUS0001040,tier_1,Kanifing,2023-05-12
CUS0001041,tier_1,Basse,2022-11-13
CUS0001042,tier_2,Brikama,2024-02-13
CUS0001043,tier_2,Farafenni,2024-01-04
CUS0001044,tier_1,Basse,2023-08-23
CUS0001045,tier_2,Lagos,2023-12-01
CUS0001046,tier_1,Basse,2023-05-27
CUS0001047,tier_2,Kano,2025-09-13
CUS0001048,tier_2,Port Harcourt,2022-09-30
CUS0001049,tier_3,Kanifing,2023-05-09
CUS0001050,tier_2,Ibadan,2025-04-30
CUS0001051,tier_2,Abuja,2023-01-11
CUS0001052,tier_1,Banjul,2025-02-26
CUS0001053,tier_1,Farafenni,2024-01-30
CUS0001054,tier_1,Port Harcourt,2023-06-08
CUS0001055,tier_1,Brikama,2025-07-19
CUS0001056,tier_1,Brikama,2024-03-30
CUS0001057,tier_2,Banjul,2023-06-20
CUS0001058,tier_1,Brikama,2022-10-08
CUS0001059,tier_2,Kano,2025-07-04
CUS0001060,tier_1,Abuja,2023-08-05
CUS0001061,tier_1,Kano,2023-11-07
CUS0001062,tier_1,Ibadan,2024-11-18
CUS0001063,tier_2,Banjul,2024-03-12
CUS0001064,tier_2,Ibadan,2024-12-06
CUS0001065,tier_1,Banjul,2024-08-09
CUS0001066,tier_1,Lagos,2024-04-01
CUS0001067,tier_1,Abuja,2023-03-07
CUS0001068,tier_2,Brikama,2025-08-20
CUS0001069,tier_2,Basse,2024-05-15
CUS0001070,tier_1,Ibadan,2023-01-23
CUS0001071,tier_1,Brikama,2024-01-30
CUS0001072,tier_3,Kano,2023-12-27
CUS0001073,tier_2,Brikama,2023-09-27
CUS0001074,tier_1,Farafenni,2025-04-07
CUS0001075,tier_1,Banjul,2023-03-04
CUS0001076,tier_1,Lagos,2025-10-16
CUS0001077,tier_1,Basse,2023-01-01
CUS0001078,tier_2,Port Harcourt,2025-09-24
CUS0001079,tier_2,Banjul,2025-09-24
CUS0001080,tier_2,Abuja,2023-07-06
CUS0001081,tier_1,Ibadan,2024-08-01
CUS0001082,tier_1,Brikama,2024-11-06
CUS0001083,tier_2,Banjul,2024-04-24
CUS0001084,tier_1,Kanifing,2023-01-31
CUS0001085,tier_1,Port Harcourt,2025-03-26
CUS0001086,tier_1,Kanifing,2023-02-18
CUS0001087,tier_2,Kanifing,2024-06-01
CUS0001088,tier_1,Kanifing,2023-03-18
CUS0001089,tier_1,Farafenni,2024-07-11
CUS0001090,tier_2,Farafenni,2023-12-29
CUS0001091,tier_2,Basse,2025-02-06
CUS0001092,tier_1,Kano,2024-11-01
CUS0001093,tier_2,Kano,2024-02-23
CUS0001094,tier_1,Banjul,2025-07-02
CUS0001095,tier_3,Port Harcourt,2023-03-26
CUS0001096,tier_1,Kanifing,2023-02-18
CUS0001097,tier_1,Kanifing,2024-07-25
CUS0001098,tier_2,Kano,2024-05-04
CUS0001099,tier_1,Banjul,2025-06-10
CUS0001100,tier_2,Banjul,2024-05-15
CUS0001101,tier_1,Lagos,2023-08-12
CUS0001102,tier_2,Kanifing,2025-09-29
CUS0001103,tier_1,Brikama,2025-01-16
CUS0001104,tier_1,Kano,2024-06-30
CUS0001105,tier_2,Kanifing,2023-11-29
CUS0001106,tier_2,Brikama,2025-05-12
CUS0001107,tier_1,Kano,2024-06-23
CUS0001108,tier_2,Kano,2023-08-21
CUS0001109,tier_2,Brikama,2025-05-14
CUS0001110,tier_1,Banjul,2025-02-08
CUS0001111,tier_1,Port Harcourt,2023-04-18
CUS0001112,tier_2,Kano,2024-12-25
CUS0001113,tier_2,Lagos,2025-11-02
CUS0001114,tier_2,Brikama,2023-04-17
CUS0001115,tier_3,Kanifing,2023-09-11
CUS0001116,tier_1,Kanifing,2024-07-14
CUS0001117,tier_2,Banjul,2023-01-22
CUS0001118,tier_2,Port Harcourt,2022-10-31
CUS0001119,tier_1,Lagos,2023-02-02
CUS0001120,tier_1,Port Harcourt,2025-06-19
CUS0001121,tier_1,Farafenni,2023-04-20
CUS0001122,tier_1,Abuja,2025-03-02
CUS0001123,tier_2,Ibadan,2025-09-11
CUS0001124,tier_1,Brikama,2023-03-02
CUS0001125,tier_2,Kano,2025-01-27
CUS0001126,tier_1,Kano,2024-03-15
CUS0001127,tier_1,Basse,2025-09-19
CUS0001128,tier_1,Ibadan,2023-11-17
CUS0001129,tier_1,Farafenni,2025-07-23
CUS0001130,tier_1,Port Harcourt,2023-06-28
CUS0001131,tier_1,Kano,2023-06-30
CUS0001132,tier_1,Kano,2025-11-25
CUS0001133,tier_1,Abuja,2025-10-19
CUS0001134,tier_2,Banjul,2025-06-28
CUS0001135,tier_2,Port Harcourt,2024-04-17
CUS0001136,tier_2,Ibadan,2024-11-03
CUS0001137,tier_2,Kano,2024-02-02
CUS0001138,tier_1,Banjul,2024-10-01
CUS0001139,tier_2,Lagos,2022-11-10
CUS0001140,tier_2,Port Harcourt,2023-05-08
CUS0001141,tier_2,Lagos,2023-06-19
CUS0001142,tier_1,Farafenni,2025-12-27
CUS0001143,tier_1,Basse,2022-12-06
CUS0001144,tier_1,Kanifing,2025-09-29
CUS0001145,tier_2,Kano,2025-03-19
CUS0001146,tier_2,Abuja,2025-05-26
CUS0001147,tier_1,Farafenni,2024-12-12
CUS0001148,tier_1,Abuja,2024-10-16
CUS0001149,tier_1,Farafenni,2024-02-08
CUS0001150,tier_1,Abuja,2025-09-27
CUS0001151,tier_3,Port Harcourt,2025-04-23
CUS0001152,tier_2,Kano,2023-06-09
CUS0001153,tier_2,Ibadan,2025-03-31
CUS0001154,tier_3,Banjul,2023-01-10
CUS0001155,tier_2,Ibadan,2023-07-29
CUS0001156,tier_2,Kano,2023-02-24
CUS0001157,tier_2,Brikama,2022-10-04
CUS0001158,tier_1,Brikama,2025-06-02
CUS0001159,tier_1,Port Harcourt,2024-03-12
CUS0001160,tier_1,Abuja,2023-08-27
CUS0001161,tier_3,Farafenni,2024-06-19
CUS0001162,tier_1,Lagos,2024-05-08
CUS0001163,tier_1,Brikama,2025-03-24
CUS0001164,tier_1,Ibadan,2024-04-28
CUS0001165,tier_2,Ibadan,2024-03-29
CUS0001166,tier_2,Ibadan,2024-10-12
CUS0001167,tier_1,Port Harcourt,2024-05-15
CUS0001168,tier_2,Brikama,2025-01-01
CUS0001169,tier_1,Lagos,2025-05-09
CUS0001170,tier_2,Ibadan,2023-04-23
CUS0001171,tier_2,Abuja,2023-01-03
CUS0001172,tier_1,Abuja,2025-12-05
CUS0001173,tier_1,Banjul,2023-11-12
CUS0001174,tier_1,Banjul,2024-11-17
CUS0001175,tier_1,Brikama,2024-05-24
CUS0001176,tier_2,Brikama,2025-08-26
CUS0001177,tier_2,Basse,2024-11-09
CUS0001178,tier_2,Banjul,2023-12-28
CUS0001179,tier_2,Kanifing,2022-11-07
CUS0001180,tier_2,Ibadan,2023-10-27
CUS0001181,tier_1,Basse,2025-09-26
CUS0001182,tier_3,Abuja,2023-08-31
CUS0001183,tier_3,Lagos,2022-11-27
CUS0001184,tier_1,Basse,2024-11-11
CUS0001185,tier_2,Kano,2024-09-26
CUS0001186,tier_3,Lagos,2022-12-08
CUS0001187,tier_2,Farafenni,2024-11-30
CUS0001188,tier_1,Brikama,2025-08-01
CUS0001189,tier_1,Brikama,2023-02-13
CUS0001190,tier_1,Banjul,2023-08-07
CUS0001191,tier_1,Basse,2025-04-09
CUS0001192,tier_1,Basse,2025-12-20
CUS0001193,tier_1,Brikama,2025-10-11
CUS0001194,tier_1,Lagos,2025-09-18
CUS0001195,tier_2,Port Harcourt,2024-04-24
CUS0001196,tier_1,Port Harcourt,2022-12-01
CUS0001197,tier_1,Lagos,2023-01-20
CUS0001198,tier_1,Brikama,2023-01-30
CUS0001199,tier_1,Ibadan,2025-02-08
CUS0001200,tier_1,Ibadan,2023-09-27
CUS0001201,tier_1,Farafenni,2024-10-21
CUS0001202,tier_2,Lagos,2023-12-24
CUS0001203,tier_1,Port Harcourt,2023-01-10
CUS0001204,tier_1,Ibadan,2025-12-13
CUS0001205,tier_1,Lagos,2023-07-03
CUS0001206,tier_1,Port Harcourt,2024-08-19
CUS0001207,tier_3,Lagos,2023-11-11
CUS0001208,tier_3,Kanifing,2023-11-02
CUS0001209,tier_1,Basse,2025-11-11
CUS0001210,tier_3,Lagos,2023-02-12
CUS0001211,tier_2,Kano,2023-04-10
CUS0001212,tier_1,Farafenni,2024-03-15
CUS0001213,tier_1,Kanifing,2025-01-23
CUS0001214,tier_3,Ibadan,2023-01-04
CUS0001215,tier_1,Kanifing,2024-10-26
CUS0001216,tier_2,Farafenni,2023-08-16
CUS0001217,tier_2,Farafenni,2022-12-26
CUS0001218,tier_2,Abuja,2025-08-06
CUS0001219,tier_2,Brikama,2025-11-13
CUS0001220,tier_1,Lagos,2025-10-15
CUS0001221,tier_1,Banjul,2025-01-01
CUS0001222,tier_2,Ibadan,2025-08-09
CUS0001223,tier_2,Farafenni,2024-07-20
CUS0001224,tier_1,Kano,2023-09-25
CUS0001225,tier_1,Banjul,2023-10-26
CUS0001226,tier_2,Ibadan,2025-12-19
CUS0001227,tier_2,Port Harcourt,2025-08-24
CUS0001228,tier_2,Port Harcourt,2025-09-29
CUS0001229,tier_2,Kanifing,2023-12-30
CUS0001230,tier_3,Kanifing,2024-05-17
CUS0001231,tier_2,Basse,2025-07-07
CUS0001232,tier_1,Kano,2023-11-11
CUS0001233,tier_1,Banjul,2023-05-06
CUS0001234,tier_1,Farafenni,2025-03-27
CUS0001235,tier_2,Ibadan,2024-05-06
CUS0001236,tier_3,Brikama,2024-04-30
CUS0001237,tier_2,Lagos,2025-12-09
CUS0001238,tier_2,Ibadan,2025-03-17
CUS0001239,tier_1,Banjul,2022-10-16
CUS0001240,tier_2,Ibadan,2022-12-06
CUS0001241,tier_3,Basse,2024-10-27
CUS0001242,tier_2,Lagos,2024-10-24
CUS0001243,tier_1,Ibadan,2025-03-15
CUS0001244,tier_1,Farafenni,2024-08-01
CUS0001245,tier_1,Brikama,2022-10-27
CUS0001246,tier_2,Ibadan,2023-06-01
CUS0001247,tier_2,Kanifing,2024-05-15
CUS0001248,tier_2,Basse,2025-06-13
CUS0001249,tier_1,Port Harcourt,2023-04-09
CUS0001250,tier_3,Lagos,2025-04-13
CUS0001251,tier_2,Farafenni,2025-06-10
CUS0001252,tier_1,Kanifing,2024-11-30
CUS0001253,tier_1,Kano,2024-02-28
CUS0001254,tier_2,Basse,2022-09-22
CUS0001255,tier_1,Port Harcourt,2023-12-16
CUS0001256,tier_2,Abuja,2025-01-20
CUS0001257,tier_1,Farafenni,2024-10-04
CUS0001258,tier_2,Abuja,2024-06-13
CUS0001259,tier_2,Brikama,2024-02-21
CUS0001260,tier_2,Kano,2023-07-03
CUS0001261,tier_1,Basse,2023-04-09
CUS0001262,tier_2,Brikama,2025-07-17
CUS0001263,tier_2,Brikama,2022-12-24
CUS0001264,tier_1,Kanifing,2025-07-30
CUS0001265,tier_2,Ibadan,2025-10-29
CUS0001266,tier_2,Port Harcourt,2023-09-24
CUS0001267,tier_2,Farafenni,2025-10-17
CUS0001268,tier_2,Ibadan,2022-12-22
CUS0001269,tier_1,Brikama,2023-12-13
CUS0001270,tier_1,Port Harcourt,2024-05-15
CUS0001271,tier_1,Ibadan,2023-02-20
CUS0001272,tier_1,Lagos,2023-03-09
CUS0001273,tier_1,Farafenni,2025-01-26
CUS0001274,tier_2,Brikama,2023-07-02
CUS0001275,tier_1,Port Harcourt,2022-10-30
CUS0001276,tier_2,Brikama,2023-04-16
CUS0001277,tier_3,Banjul,2024-10-09
CUS0001278,tier_2,Farafenni,2025-08-25
CUS0001279,tier_1,Farafenni,2025-10-05
CUS0001280,tier_2,Ibadan,2023-12-23
CUS0001281,tier_1,Kano,2025-09-27
CUS0001282,tier_1,Lagos,2025-06-03
CUS0001283,tier_2,Ibadan,2024-06-19
CUS0001284,tier_2,Basse,2022-10-03
CUS0001285,tier_1,Brikama,2023-11-21
CUS0001286,tier_2,Lagos,2025-07-25
CUS0001287,tier_1,Abuja,2024-10-01
CUS0001288,tier_1,Lagos,2024-01-25
CUS0001289,tier_1,Kano,2025-12-18
CUS0001290,tier_1,Brikama,2023-07-15
CUS0001291,tier_1,Kanifing,2023-02-12
CUS0001292,tier_2,Farafenni,2025-02-27
CUS0001293,tier_1,Lagos,2025-05-03
CUS0001294,tier_2,Abuja,2024-02-24
CUS0001295,tier_2,Kano,2023-04-26
CUS0001296,tier_1,Port Harcourt,2025-02-04
CUS0001297,tier_2,Abuja,2025-11-16
CUS0001298,tier_1,Brikama,2022-10-14
CUS0001299,tier_2,Brikama,2023-02-16
CUS0001300,tier_1,Port Harcourt,2025-03-06
CUS0001301,tier_1,Basse,2024-12-28
CUS0001302,tier_1,Abuja,2022-11-03
CUS0001303,tier_2,Basse,2025-07-09
CUS0001304,tier_1,Port Harcourt,2023-05-11
CUS0001305,tier_2,Brikama,2024-10-08
CUS0001306,tier_2,Port Harcourt,2025-03-14
CUS0001307,tier_2,Brikama,2023-02-19
CUS0001308,tier_1,Lagos,2023-06-17
CUS0001309,tier_2,Kanifing,2024-09-17
CUS0001310,tier_1,Brikama,2025-05-23
CUS0001311,tier_1,Ibadan,2023-03-05
CUS0001312,tier_2,Brikama,2025-06-17
CUS0001313,tier_1,Port Harcourt,2025-10-13
CUS0001314,tier_2,Ibadan,2023-03-07
CUS0001315,tier_2,Kanifing,2023-04-19
CUS0001316,tier_2,Port Harcourt,2022-12-23
CUS0001317,tier_2,Abuja,2023-01-27
CUS0001318,tier_1,Banjul,2023-01-11
CUS0001319,tier_1,Kano,2023-11-12
CUS0001320,tier_1,Port Harcourt,2025-06-14
CUS0001321,tier_1,Basse,2023-04-29
CUS0001322,tier_2,Kanifing,2024-05-30
CUS0001323,tier_2,Ibadan,2023-09-17
CUS0001324,tier_1,Banjul,2025-12-17
CUS0001325,tier_2,Kanifing,2023-02-01
CUS0001326,tier_1,Farafenni,2024-03-25
CUS0001327,tier_1,Kanifing,2025-02-18
CUS0001328,tier_1,Port Harcourt,2024-07-30
CUS0001329,tier_1,Ibadan,2023-08-17
CUS0001330,tier_2,Port Harcourt,2024-06-15
CUS0001331,tier_3,Abuja,2024-11-09
CUS0001332,tier_1,Ibadan,2023-04-18
CUS0001333,tier_1,Ibadan,2022-11-21
CUS0001334,tier_1,Basse,2022-10-05
CUS0001335,tier_1,Abuja,2025-03-24
CUS0001336,tier_2,Kanifing,2024-09-17
CUS0001337,tier_1,Brikama,2025-06-09
CUS0001338,tier_1,Abuja,2024-02-07
CUS0001339,tier_2,Port Harcourt,2025-09-16
CUS0001340,tier_1,Banjul,2025-06-28
CUS0001341,tier_2,Kano,2023-07-24
CUS0001342,tier_1,Basse,2024-10-03
CUS0001343,tier_1,Port Harcourt,2025-10-15
CUS0001344,tier_2,Abuja,2023-01-29
CUS0001345,tier_1,Port Harcourt,2025-09-05
CUS0001346,tier_3,Brikama,2023-03-25
CUS0001347,tier_1,Farafenni,2023-02-04
CUS0001348,tier_1,Banjul,2023-02-20
CUS0001349,tier_1,Farafenni,2025-01-18
CUS0001350,tier_2,Lagos,2024-08-29
CUS0001351,tier_2,Brikama,2025-07-07
CUS0001352,tier_3,Abuja,2024-01-08
CUS0001353,tier_2,Abuja,2024-11-16
CUS0001354,tier_1,Kanifing,2025-06-30
CUS0001355,tier_1,Ibadan,2022-09-25
CUS0001356,tier_1,Basse,2024-09-24
CUS0001357,tier_2,Farafenni,2023-06-14
CUS0001358,tier_3,Port Harcourt,2025-12-22
CUS0001359,tier_1,Abuja,2023-03-01
CUS0001360,tier_1,Kanifing,2023-03-07
CUS0001361,tier_1,Kanifing,2023-02-14
CUS0001362,tier_3,Ibadan,2022-10-11
CUS0001363,tier_1,Kano,2023-11-20
CUS0001364,tier_2,Farafenni,2024-02-05
CUS0001365,tier_3,Kano,2023-06-02
CUS0001366,tier_2,Banjul,2023-04-19
CUS0001367,tier_1,Kanifing,2023-11-09
CUS0001368,tier_2,Farafenni,2024-09-17
CUS0001369,tier_2,Abuja,2024-01-08
CUS0001370,tier_1,Banjul,2024-07-10
CUS0001371,tier_1,Kanifing,2023-10-06
CUS0001372,tier_2,Lagos,2025-07-29
CUS0001373,tier_2,Brikama,2023-05-01
CUS0001374,tier_1,Farafenni,2022-10-14
CUS0001375,tier_1,Farafenni,2023-03-16
CUS0001376,tier_2,Farafenni,2024-08-23
CUS0001377,tier_2,Farafenni,2024-09-18
CUS0001378,tier_1,Farafenni,2024-01-02
CUS0001379,tier_1,Kanifing,2025-04-30
CUS0001380,tier_3,Kano,2025-12-18
CUS0001381,tier_2,Ibadan,2025-10-06
CUS0001382,tier_2,Lagos,2024-03-26
CUS0001383,tier_1,Port Harcourt,2024-06-17
CUS0001384,tier_1,Ibadan,2024-06-06
CUS0001385,tier_1,Port Harcourt,2025-04-13
CUS0001386,tier_1,Abuja,2023-04-27
CUS0001387,tier_3,Banjul,2023-03-08
CUS0001388,tier_1,Brikama,2023-06-09
CUS0001389,tier_3,Ibadan,2023-06-03
CUS0001390,tier_1,Banjul,2025-12-07
CUS0001391,tier_2,Abuja,2022-09-29
CUS0001392,tier_1,Lagos,2024-07-18
CUS0001393,tier_1,Basse,2024-09-02
CUS0001394,tier_1,Port Harcourt,2024-01-29
CUS0001395,tier_1,Kano,2023-08-16
CUS0001396,tier_1,Lagos,2023-12-15
CUS0001397,tier_2,Basse,2023-06-22
CUS0001398,tier_1,Brikama,2022-10-09
CUS0001399,tier_2,Kanifing,2024-06-27
CUS0001400,tier_2,Ibadan,2023-07-30
CUS0001401,tier_2,Farafenni,2025-03-08
CUS0001402,tier_2,Brikama,2023-05-08
CUS0001403,tier_2,Brikama,2023-08-21
CUS0001404,tier_1,Ibadan,2023-01-03
CUS0001405,tier_2,Kano,2024-04-26
CUS0001406,tier_1,Port Harcourt,2025-09-25
CUS0001407,tier_1,Brikama,2025-08-31
CUS0001408,tier_1,Basse,2023-05-01
CUS0001409,tier_2,Kanifing,2023-06-24
CUS0001410,tier_2,Basse,2023-12-23
CUS0001411,tier_1,Ibadan,2024-07-22
CUS0001412,tier_1,Abuja,2025-04-27
CUS0001413,tier_1,Port Harcourt,2024-11-19
CUS0001414,tier_2,Ibadan,2025-01-08
CUS0001415,tier_3,Basse,2024-01-04
CUS0001416,tier_1,Ibadan,2023-04-08
CUS0001417,tier_2,Kano,2025-07-24
CUS0001418,tier_1,Basse,2023-05-27
CUS0001419,tier_2,Brikama,2025-01-22
CUS0001420,tier_2,Lagos,2023-08-21
CUS0001421,tier_2,Port Harcourt,2023-09-25
CUS0001422,tier_2,Kanifing,2025-07-22
CUS0001423,tier_1,Farafenni,2024-03-29
CUS0001424,tier_1,Basse,2024-07-02
CUS0001425,tier_2,Abuja,2024-06-24
CUS0001426,tier_2,Lagos,2023-01-30
CUS0001427,tier_3,Abuja,2025-01-23
CUS0001428,tier_1,Banjul,2025-04-19
CUS0001429,tier_2,Basse,2025-07-21
CUS0001430,tier_1,Abuja,2025-06-04
CUS0001431,tier_1,Kano,2022-12-04
CUS0001432,tier_1,Abuja,2023-01-23
CUS0001433,tier_2,Kanifing,2025-06-02
CUS0001434,tier_1,Brikama,2025-07-12
CUS0001435,tier_2,Abuja,2024-04-07
CUS0001436,tier_1,Basse,2023-07-08
CUS0001437,tier_2,Brikama,2023-01-18
CUS0001438,tier_2,Banjul,2025-10-21
CUS0001439,tier_2,Lagos,2023-05-01
CUS0001440,tier_1,Ibadan,2024-06-22
CUS0001441,tier_1,Brikama,2022-12-23
CUS0001442,tier_1,Port Harcourt,2023-06-10
CUS0001443,tier_2,Port Harcourt,2023-07-25
CUS0001444,tier_1,Ibadan,2024-04-06
CUS0001445,tier_3,Kano,2022-12-22
CUS0001446,tier_1,Kanifing,2023-07-11
CUS0001447,tier_1,Abuja,2024-07-17
CUS0001448,tier_1,Banjul,2025-12-31
CUS0001449,tier_1,Brikama,2024-01-27
CUS0001450,tier_1,Ibadan,2025-12-14
CUS0001451,tier_2,Kano,2023-04-29
CUS0001452,tier_1,Abuja,2024-05-11
CUS0001453,tier_2,Banjul,2022-12-05
CUS0001454,tier_1,Abuja,2022-11-09
CUS0001455,tier_1,Farafenni,2025-01-31
CUS0001456,tier_2,Abuja,2023-11-18
CUS0001457,tier_1,Kanifing,2023-08-20
CUS0001458,tier_2,Ibadan,2024-06-23
CUS0001459,tier_1,Ibadan,2024-06-29
CUS0001460,tier_1,Kanifing,2024-12-23
CUS0001461,tier_1,Kanifing,2023-06-13
CUS0001462,tier_2,Basse,2023-03-30
CUS0001463,tier_1,Banjul,2025-02-23
CUS0001464,tier_1,Ibadan,2025-11-16
CUS0001465,tier_1,Kanifing,2024-06-02
CUS0001466,tier_1,Kano,2025-12-15
CUS0001467,tier_1,Brikama,2025-12-01
CUS0001468,tier_1,Lagos,2023-08-24
CUS0001469,tier_1,Kano,2023-12-02
CUS0001470,tier_1,Banjul,2024-02-24
CUS0001471,tier_1,Brikama,2025-09-08
CUS0001472,tier_1,Abuja,2025-08-07
CUS0001473,tier_1,Brikama,2024-12-03
CUS0001474,tier_2,Basse,2023-11-11
CUS0001475,tier_2,Kanifing,2024-08-09
CUS0001476,tier_1,Kano,2024-08-12
CUS0001477,tier_2,Banjul,2024-11-19
CUS0001478,tier_1,Kanifing,2023-01-29
CUS0001479,tier_2,Farafenni,2023-05-08
CUS0001480,tier_1,Basse,2024-03-10
CUS0001481,tier_1,Banjul,2022-12-02
CUS0001482,tier_1,Basse,2023-04-21
CUS0001483,tier_2,Farafenni,2023-12-24
CUS0001484,tier_2,Farafenni,2025-05-14
CUS0001485,tier_1,Abuja,2024-03-07
CUS0001486,tier_1,Basse,2022-09-21
CUS0001487,tier_1,Farafenni,2025-12-13
CUS0001488,tier_3,Port Harcourt,2023-05-03
CUS0001489,tier_2,Brikama,2023-12-02
CUS0001490,tier_2,Farafenni,2025-02-12
CUS0001491,tier_1,Port Harcourt,2024-02-07
CUS0001492,tier_3,Banjul,2025-08-31
CUS0001493,tier_1,Brikama,2022-12-29
CUS0001494,tier_2,Brikama,2023-04-07
CUS0001495,tier_1,Ibadan,2024-01-20
CUS0001496,tier_2,Kano,2024-12-01
CUS0001497,tier_1,Abuja,2023-12-29
CUS0001498,tier_2,Basse,2025-10-12
CUS0001499,tier_1,Kano,2022-11-13
CUS0001500,tier_1,Kano,2024-12-08
CUS0001501,tier_2,Ibadan,2024-01-19
CUS0001502,tier_1,Kano,2024-06-16
CUS0001503,tier_2,Port Harcourt,2022-11-22
CUS0001504,tier_1,Ibadan,2025-02-17
CUS0001505,tier_1,Basse,2022-12-18
CUS0001506,tier_1,Banjul,2023-03-01
CUS0001507,tier_1,Brikama,2025-11-23
CUS0001508,tier_2,Lagos,2024-08-29
CUS0001509,tier_1,Kanifing,2022-12-24
CUS0001510,tier_2,Farafenni,2023-01-23
CUS0001511,tier_2,Ibadan,2025-02-19
CUS0001512,tier_2,Lagos,2023-09-14
CUS0001513,tier_2,Kanifing,2025-06-17
CUS0001514,tier_1,Kanifing,2025-10-03
CUS0001515,tier_2,Brikama,2024-12-31
CUS0001516,tier_2,Farafenni,2025-05-26
CUS0001517,tier_1,Kanifing,2025-10-27
CUS0001518,tier_2,Abuja,2023-04-03
CUS0001519,tier_1,Port Harcourt,2024-07-25
CUS0001520,tier_1,Farafenni,2025-08-08
CUS0001521,tier_1,Farafenni,2023-03-31
CUS0001522,tier_3,Kanifing,2023-05-18
CUS0001523,tier_2,Banjul,2023-12-23
CUS0001524,tier_2,Abuja,2023-12-07
CUS0001525,tier_2,Banjul,2024-07-05
CUS0001526,tier_1,Kanifing,2024-04-18
CUS0001527,tier_1,Farafenni,2023-02-02
CUS0001528,tier_1,Farafenni,2023-01-08
CUS0001529,tier_1,Farafenni,2023-01-19
CUS0001530,tier_2,Port Harcourt,2024-12-30
CUS0001531,tier_2,Ibadan,2023-09-03
CUS0001532,tier_2,Port Harcourt,2023-12-29
CUS0001533,tier_2,Abuja,2025-06-01
CUS0001534,tier_1,Brikama,2022-12-01
CUS0001535,tier_1,Lagos,2025-02-11
CUS0001536,tier_1,Port Harcourt,2023-07-08
CUS0001537,tier_3,Lagos,2022-12-01
CUS0001538,tier_3,Lagos,2023-12-01
CUS0001539,tier_1,Abuja,2024-03-09
CUS0001540,tier_2,Port Harcourt,2022-12-10
CUS0001541,tier_1,Ibadan,2024-07-29
CUS0001542,tier_1,Kano,2023-06-29
CUS0001543,tier_3,Banjul,2025-10-22
CUS0001544,tier_3,Port Harcourt,2025-11-28
CUS0001545,tier_1,Basse,2025-12-18
CUS0001546,tier_1,Farafenni,2024-10-18
CUS0001547,tier_2,Banjul,2024-06-14
CUS0001548,tier_3,Ibadan,2022-11-18
CUS0001549,tier_2,Port Harcourt,2025-02-18
CUS0001550,tier_1,Kano,2024-01-03
CUS0001551,tier_1,Basse,2023-12-11
CUS0001552,tier_2,Farafenni,2024-09-10
CUS0001553,tier_1,Basse,2025-06-26
CUS0001554,tier_2,Port Harcourt,2024-10-12
CUS0001555,tier_2,Lagos,2023-04-18
CUS0001556,tier_1,Port Harcourt,2025-06-19
CUS0001557,tier_2,Basse,2025-10-16
CUS0001558,tier_2,Port Harcourt,2023-11-11
CUS0001559,tier_1,Banjul,2024-02-16
CUS0001560,tier_1,Abuja,2023-08-31
CUS0001561,tier_3,Kanifing,2024-09-23
CUS0001562,tier_2,Port Harcourt,2025-12-08
CUS0001563,tier_2,Abuja,2025-09-12
CUS0001564,tier_1,Banjul,2024-03-18
CUS0001565,tier_1,Brikama,2024-03-02
CUS0001566,tier_1,Farafenni,2025-02-21
CUS0001567,tier_1,Abuja,2023-07-03
CUS0001568,tier_2,Port Harcourt,2023-03-04
CUS0001569,tier_1,Abuja,2024-05-17
CUS0001570,tier_2,Brikama,2025-04-05
CUS0001571,tier_1,Kano,2022-10-18
CUS0001572,tier_2,Ibadan,2023-10-06
CUS0001573,tier_1,Abuja,2023-03-10
CUS0001574,tier_1,Brikama,2025-03-30
CUS0001575,tier_1,Farafenni,2023-04-07
CUS0001576,tier_1,Port Harcourt,2024-11-25
CUS0001577,tier_2,Ibadan,2024-08-14
CUS0001578,tier_1,Basse,2023-08-04
CUS0001579,tier_1,Port Harcourt,2025-07-01
CUS0001580,tier_1,Abuja,2023-08-17
CUS0001581,tier_1,Farafenni,2024-03-15
CUS0001582,tier_1,Banjul,2024-04-16
CUS0001583,tier_1,Lagos,2023-07-10
CUS0001584,tier_2,Kano,2025-10-01
CUS0001585,tier_3,Farafenni,2024-11-18
CUS0001586,tier_2,Brikama,2025-07-09
CUS0001587,tier_1,Banjul,2024-08-21
CUS0001588,tier_3,Brikama,2024-05-21
CUS0001589,tier_1,Kanifing,2024-04-16
CUS0001590,tier_1,Banjul,2024-02-21
CUS0001591,tier_1,Ibadan,2024-10-24
CUS0001592,tier_1,Ibadan,2024-07-20
CUS0001593,tier_1,Port Harcourt,2025-03-17
CUS0001594,tier_2,Banjul,2023-11-21
CUS0001595,tier_2,Ibadan,2025-10-03
CUS0001596,tier_1,Banjul,2024-05-29
CUS0001597,tier_1,Port Harcourt,2024-06-24
CUS0001598,tier_1,Banjul,2025-08-17
CUS0001599,tier_1,Basse,2023-12-25
CUS0001600,tier_2,Banjul,2024-05-11
CUS0001601,tier_2,Abuja,2024-09-14
CUS0001602,tier_3,Ibadan,2025-06-11
CUS0001603,tier_3,Kano,2023-01-08
CUS0001604,tier_1,Farafenni,2023-03-12
CUS0001605,tier_3,Ibadan,2025-11-17
CUS0001606,tier_1,Ibadan,2024-04-16
CUS0001607,tier_1,Abuja,2025-02-13
CUS0001608,tier_1,Lagos,2024-01-04
CUS0001609,tier_2,Farafenni,2023-03-11
CUS0001610,tier_1,Banjul,2024-07-22
CUS0001611,tier_2,Banjul,2022-11-21
CUS0001612,tier_3,Farafenni,2025-02-24
CUS0001613,tier_1,Abuja,2025-03-25
CUS0001614,tier_1,Abuja,2023-01-30
CUS0001615,tier_3,Port Harcourt,2024-09-22
CUS0001616,tier_1,Port Harcourt,2025-02-22
CUS0001617,tier_1,Basse,2024-02-26
CUS0001618,tier_1,Brikama,2024-11-03
CUS0001619,tier_2,Port Harcourt,2022-12-19
CUS0001620,tier_2,Farafenni,2025-03-24
CUS0001621,tier_1,Ibadan,2025-03-30
CUS0001622,tier_1,Brikama,2022-11-01
CUS0001623,tier_3,Lagos,2025-08-15
CUS0001624,tier_2,Kanifing,2024-12-19
CUS0001625,tier_1,Brikama,2025-11-01
CUS0001626,tier_2,Abuja,2023-09-11
CUS0001627,tier_1,Basse,2025-02-23
CUS0001628,tier_2,Kanifing,2025-04-06
CUS0001629,tier_1,Port Harcourt,2024-07-03
CUS0001630,tier_2,Port Harcourt,2024-09-15
CUS0001631,tier_2,Farafenni,2025-11-08
CUS0001632,tier_1,Kano,2025-04-01
CUS0001633,tier_1,Port Harcourt,2023-05-16
CUS0001634,tier_2,Lagos,2024-12-20
CUS0001635,tier_2,Kano,2023-05-06
CUS0001636,tier_1,Farafenni,2024-09-24
CUS0001637,tier_1,Banjul,2024-06-27
CUS0001638,tier_3,Farafenni,2024-11-11
CUS0001639,tier_2,Kanifing,2025-01-03
CUS0001640,tier_3,Kano,2023-04-03
CUS0001641,tier_2,Kano,2024-08-13
CUS0001642,tier_1,Banjul,2023-11-13
CUS0001643,tier_2,Abuja,2022-10-17
CUS0001644,tier_2,Ibadan,2025-10-14
CUS0001645,tier_1,Kano,2023-06-10
CUS0001646,tier_2,Banjul,2024-08-15
CUS0001647,tier_1,Abuja,2025-10-12
CUS0001648,tier_2,Ibadan,2025-09-22
CUS0001649,tier_1,Kano,2023-10-08
CUS0001650,tier_2,Basse,2023-06-01
CUS0001651,tier_1,Basse,2025-09-11
CUS0001652,tier_2,Brikama,2023-05-27
CUS0001653,tier_2,Kano,2025-06-29
CUS0001654,tier_2,Kanifing,2024-12-28
CUS0001655,tier_2,Ibadan,2025-03-29
CUS0001656,tier_1,Lagos,2023-06-22
CUS0001657,tier_1,Kano,2024-11-13
CUS0001658,tier_2,Kanifing,2024-08-06
CUS0001659,tier_1,Brikama,2025-04-22
CUS0001660,tier_1,Kano,2023-12-19
CUS0001661,tier_1,Abuja,2023-02-18
CUS0001662,tier_2,Brikama,2023-11-17
CUS0001663,tier_2,Banjul,2025-01-16
CUS0001664,tier_3,Port Harcourt,2025-02-27
CUS0001665,tier_1,Brikama,2024-12-30
CUS0001666,tier_2,Banjul,2023-08-25
CUS0001667,tier_1,Kano,2024-05-19
CUS0001668,tier_2,Kanifing,2025-04-06
CUS0001669,tier_3,Banjul,2024-07-31
CUS0001670,tier_1,Kano,2023-03-16
CUS0001671,tier_1,Banjul,2023-03-27
CUS0001672,tier_1,Port Harcourt,2023-05-02
CUS0001673,tier_1,Kano,2025-07-22
CUS0001674,tier_2,Banjul,2024-08-17
CUS0001675,tier_2,Basse,2022-11-16
CUS0001676,tier_2,Farafenni,2025-09-22
CUS0001677,tier_1,Banjul,2024-01-17
CUS0001678,tier_1,Banjul,2022-10-05
CUS0001679,tier_2,Basse,2024-02-22
CUS0001680,tier_3,Banjul,2025-05-22
CUS0001681,tier_1,Brikama,2025-02-04
CUS0001682,tier_2,Port Harcourt,2022-10-16
CUS0001683,tier_2,Brikama,2023-06-13
CUS0001684,tier_2,Lagos,2025-10-19
CUS0001685,tier_1,Basse,2024-03-10
CUS0001686,tier_1,Abuja,2025-08-15
CUS0001687,tier_2,Ibadan,2025-08-21
CUS0001688,tier_1,Brikama,2025-04-26
CUS0001689,tier_2,Basse,2024-02-26
CUS0001690,tier_1,Ibadan,2024-10-28
CUS0001691,tier_2,Port Harcourt,2025-09-03
CUS0001692,tier_1,Ibadan,2025-07-05
CUS0001693,tier_1,Port Harcourt,2024-05-22
CUS0001694,tier_1,Lagos,2024-07-18
CUS0001695,tier_1,Port Harcourt,2024-01-07
CUS0001696,tier_3,Port Harcourt,2022-11-05
CUS0001697,tier_1,Kano,2023-03-29
CUS0001698,tier_2,Port Harcourt,2024-09-11
CUS0001699,tier_2,Farafenni,2025-12-28
CUS0001700,tier_1,Kano,2025-05-04
CUS0001701,tier_2,Farafenni,2023-09-04
CUS0001702,tier_1,Lagos,2024-01-15
CUS0001703,tier_2,Farafenni,2025-12-08
CUS0001704,tier_2,Basse,2024-07-28
CUS0001705,tier_2,Basse,2024-04-26
CUS0001706,tier_1,Lagos,2025-12-19
CUS0001707,tier_1,Lagos,2024-02-01
CUS0001708,tier_1,Port Harcourt,2025-11-02
CUS0001709,tier_2,Farafenni,2024-02-24
CUS0001710,tier_2,Kano,2023-05-05
CUS0001711,tier_2,Brikama,2023-04-20
CUS0001712,tier_1,Kano,2022-12-28
CUS0001713,tier_2,Kano,2023-09-06
CUS0001714,tier_3,Banjul,2023-01-29
CUS0001715,tier_1,Lagos,2022-11-20
CUS0001716,tier_1,Farafenni,2022-10-06
CUS0001717,tier_2,Lagos,2025-08-18
CUS0001718,tier_3,Basse,2025-10-29
CUS0001719,tier_1,Abuja,2023-01-02
CUS0001720,tier_2,Port Harcourt,2023-10-26
CUS0001721,tier_1,Kanifing,2024-04-09
CUS0001722,tier_2,Lagos,2025-10-28
CUS0001723,tier_1,Kanifing,2023-03-20
CUS0001724,tier_2,Lagos,2023-06-20
CUS0001725,tier_2,Basse,2024-10-15
CUS0001726,tier_1,Brikama,2025-05-16
CUS0001727,tier_1,Banjul,2024-11-13
CUS0001728,tier_3,Kano,2023-03-01
CUS0001729,tier_1,Kano,2023-03-13
CUS0001730,tier_1,Lagos,2023-04-16
CUS0001731,tier_2,Ibadan,2024-04-05
CUS0001732,tier_2,Brikama,2025-06-13
CUS0001733,tier_2,Ibadan,2025-04-04
CUS0001734,tier_1,Banjul,2023-06-05
CUS0001735,tier_1,Ibadan,2025-05-08
CUS0001736,tier_1,Banjul,2025-07-06
CUS0001737,tier_1,Banjul,2025-06-03
CUS0001738,tier_1,Basse,2025-11-15
CUS0001739,tier_2,Basse,2024-10-28
CUS0001740,tier_1,Farafenni,2024-05-24
CUS0001741,tier_1,Lagos,2023-07-12
CUS0001742,tier_2,Basse,2025-03-01
CUS0001743,tier_1,Kanifing,2025-11-30
CUS0001744,tier_3,Ibadan,2023-02-13
CUS0001745,tier_1,Ibadan,2024-01-14
CUS0001746,tier_1,Basse,2025-03-17
CUS0001747,tier_3,Basse,2022-10-13
CUS0001748,tier_1,Kanifing,2024-04-03
CUS0001749,tier_2,Lagos,2022-12-20
CUS0001750,tier_1,Brikama,2025-11-02
CUS0001751,tier_1,Banjul,2025-05-29
CUS0001752,tier_1,Kanifing,2023-08-11
CUS0001753,tier_1,Port Harcourt,2023-07-02
CUS0001754,tier_2,Basse,2024-02-20
CUS0001755,tier_2,Ibadan,2025-07-24
CUS0001756,tier_3,Kano,2022-10-26
CUS0001757,tier_1,Kano,2025-06-15
CUS0001758,tier_1,Kano,2023-05-13
CUS0001759,tier_1,Farafenni,2025-03-12
CUS0001760,tier_2,Port Harcourt,2024-07-21
CUS0001761,tier_3,Abuja,2024-12-21
CUS0001762,tier_2,Lagos,2024-03-06
CUS0001763,tier_1,Banjul,2025-08-20
CUS0001764,tier_1,Lagos,2023-04-26
CUS0001765,tier_1,Brikama,2024-06-01
CUS0001766,tier_2,Port Harcourt,2022-10-12
CUS0001767,tier_1,Kanifing,2023-09-23
CUS0001768,tier_2,Kanifing,2024-03-04
CUS0001769,tier_2,Kanifing,2024-04-22
CUS0001770,tier_1,Abuja,2023-09-07
CUS0001771,tier_1,Farafenni,2022-12-05
CUS0001772,tier_1,Kano,2023-11-06
CUS0001773,tier_1,Farafenni,2023-08-02
CUS0001774,tier_2,Abuja,2022-10-27
CUS0001775,tier_2,Ibadan,2024-09-04
CUS0001776,tier_1,Kanifing,2022-10-13
CUS0001777,tier_2,Kanifing,2023-05-28
CUS0001778,tier_1,Kanifing,2023-07-04
CUS0001779,tier_1,Abuja,2025-08-11
CUS0001780,tier_2,Port Harcourt,2023-11-16
CUS0001781,tier_1,Banjul,2025-06-29
CUS0001782,tier_1,Brikama,2022-09-29
CUS0001783,tier_3,Banjul,2025-03-06
CUS0001784,tier_2,Kano,2023-01-08
CUS0001785,tier_1,Port Harcourt,2022-10-05
CUS0001786,tier_1,Farafenni,2024-03-23
CUS0001787,tier_1,Basse,2023-07-25
CUS0001788,tier_2,Lagos,2025-07-02
CUS0001789,tier_2,Port Harcourt,2023-02-20
CUS0001790,tier_1,Brikama,2024-05-08
CUS0001791,tier_1,Ibadan,2025-09-14
CUS0001792,tier_1,Ibadan,2023-12-27
CUS0001793,tier_1,Basse,2025-10-29
CUS0001794,tier_1,Port Harcourt,2023-10-16
CUS0001795,tier_2,Abuja,2023-09-22
CUS0001796,tier_1,Ibadan,2024-10-25
CUS0001797,tier_2,Kano,2025-03-22
CUS0001798,tier_1,Abuja,2023-12-25
CUS0001799,tier_2,Brikama,2024-05-20
CUS0001800,tier_3,Brikama,2025-03-31
CUS0001801,tier_1,Banjul,2025-03-12
CUS0001802,tier_2,Kano,2023-07-21
CUS0001803,tier_3,Brikama,2025-07-11
CUS0001804,tier_1,Abuja,2023-06-12
CUS0001805,tier_2,Port Harcourt,2023-08-13
CUS0001806,tier_2,Kano,2023-02-22
CUS0001807,tier_1,Kano,2023-11-05
CUS0001808,tier_1,Brikama,2023-08-15
CUS0001809,tier_2,Port Harcourt,2023-03-17
CUS0001810,tier_2,Farafenni,2023-03-10
CUS0001811,tier_1,Ibadan,2022-10-08
CUS0001812,tier_1,Banjul,2022-10-25
CUS0001813,tier_1,Lagos,2025-05-14
CUS0001814,tier_2,Kanifing,2025-03-16
CUS0001815,tier_2,Ibadan,2024-06-07
CUS0001816,tier_1,Kanifing,2023-01-25
CUS0001817,tier_2,Kanifing,2024-08-16
CUS0001818,tier_1,Kanifing,2022-12-23
CUS0001819,tier_2,Basse,2025-09-14
CUS0001820,tier_3,Ibadan,2025-12-09
CUS0001821,tier_1,Ibadan,2023-05-16
CUS0001822,tier_2,Lagos,2023-08-22
CUS0001823,tier_1,Basse,2024-05-18
CUS0001824,tier_1,Port Harcourt,2024-04-18
CUS0001825,tier_2,Port Harcourt,2024-07-16
CUS0001826,tier_1,Kano,2022-10-04
CUS0001827,tier_1,Banjul,2024-05-13
CUS0001828,tier_2,Port Harcourt,2025-11-06
CUS0001829,tier_1,Kanifing,2025-04-16
CUS0001830,tier_1,Basse,2024-08-02
CUS0001831,tier_1,Basse,2024-06-16
CUS0001832,tier_2,Banjul,2025-05-17
CUS0001833,tier_2,Port Harcourt,2025-02-25
CUS0001834,tier_2,Lagos,2025-01-06
CUS0001835,tier_1,Farafenni,2023-04-13
CUS0001836,tier_1,Ibadan,2025-10-25
CUS0001837,tier_1,Kanifing,2025-03-09
CUS0001838,tier_2,Brikama,2023-03-22
CUS0001839,tier_2,Abuja,2023-11-08
CUS0001840,tier_1,Kano,2025-01-23
CUS0001841,tier_1,Lagos,2025-09-11
CUS0001842,tier_2,Kanifing,2025-09-15
CUS0001843,tier_1,Abuja,2023-05-01
CUS0001844,tier_1,Ibadan,2024-09-09
CUS0001845,tier_1,Abuja,2023-05-05
CUS0001846,tier_1,Ibadan,2023-07-25
CUS0001847,tier_1,Kano,2023-11-10
CUS0001848,tier_2,Ibadan,2025-10-08
CUS0001849,tier_1,Ibadan,2024-01-07
CUS0001850,tier_3,Abuja,2024-06-21
CUS0001851,tier_1,Basse,2025-06-13
CUS0001852,tier_1,Port Harcourt,2023-10-22
CUS0001853,tier_1,Farafenni,2024-11-27
CUS0001854,tier_1,Brikama,2024-03-30
CUS0001855,tier_1,Banjul,2025-08-14
CUS0001856,tier_1,Kanifing,2023-01-21
CUS0001857,tier_1,Kano,2024-01-12
CUS0001858,tier_1,Basse,2024-08-03
CUS0001859,tier_1,Banjul,2025-06-26
CUS0001860,tier_1,Port Harcourt,2024-10-13
CUS0001861,tier_3,Kanifing,2025-04-30
CUS0001862,tier_1,Port Harcourt,2025-04-09
CUS0001863,tier_1,Port Harcourt,2024-12-18
CUS0001864,tier_2,Brikama,2024-07-31
CUS0001865,tier_1,Kanifing,2023-06-17
CUS0001866,tier_3,Basse,2023-08-10
CUS0001867,tier_2,Lagos,2024-07-22
CUS0001868,tier_1,Kanifing,2024-06-12
CUS0001869,tier_2,Abuja,2023-10-28
CUS0001870,tier_1,Banjul,2024-07-21
CUS0001871,tier_3,Basse,2025-01-01
CUS0001872,tier_1,Kano,2024-11-16
CUS0001873,tier_2,Brikama,2023-03-30
CUS0001874,tier_1,Ibadan,2023-08-01
CUS0001875,tier_1,Kanifing,2023-07-11
CUS0001876,tier_2,Kanifing,2025-10-21
CUS0001877,tier_1,Port Harcourt,2024-08-05
CUS0001878,tier_2,Banjul,2023-03-18
CUS0001879,tier_1,Banjul,2025-10-15
CUS0001880,tier_2,Basse,2025-02-24
CUS0001881,tier_2,Abuja,2022-10-12
CUS0001882,tier_1,Kano,2023-04-27
CUS0001883,tier_1,Kanifing,2022-12-21
CUS0001884,tier_1,Abuja,2023-04-19
CUS0001885,tier_1,Ibadan,2023-12-27
CUS0001886,tier_1,Basse,2023-10-03
CUS0001887,tier_1,Kanifing,2023-12-14
CUS0001888,tier_1,Lagos,2025-07-20
CUS0001889,tier_2,Basse,2024-11-11
CUS0001890,tier_1,Banjul,2023-11-06
CUS0001891,tier_2,Basse,2023-10-25
CUS0001892,tier_2,Lagos,2023-04-10
CUS0001893,tier_1,Kano,2024-12-08
CUS0001894,tier_1,Farafenni,2025-11-10
CUS0001895,tier_2,Port Harcourt,2024-08-30
CUS0001896,tier_1,Kanifing,2022-12-20
CUS0001897,tier_2,Kano,2023-01-03
CUS0001898,tier_3,Kano,2025-11-28
CUS0001899,tier_1,Banjul,2024-02-09
CUS0001900,tier_2,Banjul,2023-09-23
CUS0001901,tier_1,Ibadan,2023-06-07
CUS0001902,tier_3,Ibadan,2025-03-01
CUS0001903,tier_2,Farafenni,2025-08-06
CUS0001904,tier_1,Brikama,2023-04-05
CUS0001905,tier_2,Kano,2025-09-29
CUS0001906,tier_1,Brikama,2025-12-02
CUS0001907,tier_1,Banjul,2024-04-11
CUS0001908,tier_2,Kanifing,2023-06-11
CUS0001909,tier_2,Port Harcourt,2025-08-23
CUS0001910,tier_2,Kanifing,2025-05-12
CUS0001911,tier_1,Port Harcourt,2024-10-06
CUS0001912,tier_1,Farafenni,2023-08-12
CUS0001913,tier_1,Abuja,2024-03-07
CUS0001914,tier_1,Port Harcourt,2022-12-10
CUS0001915,tier_1,Farafenni,2025-09-29
CUS0001916,tier_2,Lagos,2025-08-24
CUS0001917,tier_1,Brikama,2023-09-03
CUS0001918,tier_1,Lagos,2022-11-24
CUS0001919,tier_1,Farafenni,2022-09-27
CUS0001920,tier_1,Kanifing,2023-11-22
CUS0001921,tier_2,Banjul,2023-04-09
CUS0001922,tier_1,Banjul,2024-12-29
CUS0001923,tier_3,Port Harcourt,2024-05-29
CUS0001924,tier_1,Kano,2025-04-16
CUS0001925,tier_1,Basse,2023-01-25
CUS0001926,tier_1,Farafenni,2025-01-08
CUS0001927,tier_2,Banjul,2024-12-28
CUS0001928,tier_2,Port Harcourt,2025-07-04
CUS0001929,tier_2,Basse,2024-01-19
CUS0001930,tier_1,Ibadan,2024-09-05
CUS0001931,tier_1,Ibadan,2025-06-19
CUS0001932,tier_2,Ibadan,2023-02-26
CUS0001933,tier_1,Farafenni,2024-06-13
CUS0001934,tier_1,Kanifing,2025-03-01
CUS0001935,tier_2,Kano,2023-03-19
CUS0001936,tier_1,Banjul,2025-09-12
CUS0001937,tier_2,Basse,2024-10-28
CUS0001938,tier_1,Lagos,2023-06-17
CUS0001939,tier_1,Banjul,2022-12-27
CUS0001940,tier_1,Banjul,2023-04-13
CUS0001941,tier_1,Kanifing,2024-09-06
CUS0001942,tier_2,Port Harcourt,2022-10-01
CUS0001943,tier_1,Farafenni,2024-03-04
CUS0001944,tier_1,Kanifing,2024-03-04
CUS0001945,tier_1,Farafenni,2023-09-09
CUS0001946,tier_2,Abuja,2024-10-06
CUS0001947,tier_1,Port Harcourt,2023-04-14
CUS0001948,tier_1,Abuja,2025-03-10
CUS0001949,tier_1,Port Harcourt,2023-06-14
CUS0001950,tier_1,Lagos,2025-03-27
CUS0001951,tier_1,Farafenni,2023-12-28
CUS0001952,tier_3,Farafenni,2024-02-13
CUS0001953,tier_1,Port Harcourt,2025-08-31
CUS0001954,tier_1,Kanifing,2023-05-23
CUS0001955,tier_1,Brikama,2024-01-28
CUS0001956,tier_1,Basse,2025-02-13
CUS0001957,tier_2,Port Harcourt,2025-01-17
CUS0001958,tier_2,Ibadan,2024-09-17
CUS0001959,tier_1,Ibadan,2023-04-05
CUS0001960,tier_2,Farafenni,2023-05-07
CUS0001961,tier_2,Basse,2025-12-02
CUS0001962,tier_2,Farafenni,2024-08-11
CUS0001963,tier_1,Port Harcourt,2024-10-02
CUS0001964,tier_2,Port Harcourt,2025-03-01
CUS0001965,tier_3,Banjul,2023-08-29
CUS0001966,tier_3,Banjul,2023-05-13
CUS0001967,tier_2,Ibadan,2025-10-24
CUS0001968,tier_1,Abuja,2023-04-25
CUS0001969,tier_2,Kanifing,2023-06-19
CUS0001970,tier_1,Kanifing,2022-11-14
CUS0001971,tier_2,Abuja,2024-10-11
CUS0001972,tier_1,Basse,2024-08-29
CUS0001973,tier_2,Kanifing,2025-11-29
CUS0001974,tier_1,Basse,2025-02-03
CUS0001975,tier_2,Port Harcourt,2022-09-23
CUS0001976,tier_1,Kano,2023-05-27
CUS0001977,tier_2,Abuja,2024-12-18
CUS0001978,tier_2,Lagos,2023-05-26
CUS0001979,tier_2,Banjul,2025-08-09
CUS0001980,tier_1,Lagos,2023-01-09
CUS0001981,tier_1,Abuja,2024-06-27
CUS0001982,tier_2,Port Harcourt,2022-12-17
CUS0001983,tier_2,Farafenni,2025-07-19
CUS0001984,tier_2,Lagos,2025-09-10
CUS0001985,tier_1,Lagos,2025-09-17
CUS0001986,tier_1,Lagos,2023-05-23
CUS0001987,tier_2,Lagos,2023-12-12
CUS0001988,tier_1,Ibadan,2025-08-16
CUS0001989,tier_2,Farafenni,2025-03-23
CUS0001990,tier_3,Farafenni,2022-12-22
CUS0001991,tier_1,Kano,2022-09-30
CUS0001992,tier_2,Farafenni,2024-09-26
CUS0001993,tier_1,Basse,2023-03-06
CUS0001994,tier_2,Basse,2025-09-11
CUS0001995,tier_1,Lagos,2023-06-19
CUS0001996,tier_1,Ibadan,2025-04-24
CUS0001997,tier_1,Ibadan,2023-01-05
CUS0001998,tier_2,Kano,2023-12-09
CUS0001999,tier_2,Kanifing,2024-12-11
CUS0002000,tier_2,Kano,2025-07-06
CUS0002001,tier_1,Brikama,2024-05-20
CUS0002002,tier_3,Kanifing,2025-05-22
CUS0002003,tier_1,Kanifing,2025-03-03
CUS0002004,tier_1,Farafenni,2023-01-30
CUS0002005,tier_3,Banjul,2024-05-10
CUS0002006,tier_1,Ibadan,2025-04-05
CUS0002007,tier_1,Abuja,2023-07-06
CUS0002008,tier_2,Banjul,2024-05-13
CUS0002009,tier_1,Banjul,2024-09-12
CUS0002010,tier_2,Ibadan,2024-02-13
CUS0002011,tier_1,Lagos,2024-03-03
CUS0002012,tier_1,Ibadan,2022-12-04
CUS0002013,tier_1,Basse,2022-10-27
CUS0002014,tier_1,Basse,2025-01-14
CUS0002015,tier_2,Farafenni,2023-04-15
CUS0002016,tier_1,Basse,2025-09-26
CUS0002017,tier_1,Basse,2023-06-12
CUS0002018,tier_3,Port Harcourt,2025-02-05
CUS0002019,tier_2,Basse,2024-12-23
CUS0002020,tier_3,Brikama,2025-02-04
CUS0002021,tier_1,Banjul,2024-03-23
CUS0002022,tier_2,Kano,2024-07-16
CUS0002023,tier_1,Farafenni,2022-11-06
CUS0002024,tier_2,Lagos,2024-01-27
CUS0002025,tier_1,Kano,2022-12-22
CUS0002026,tier_3,Ibadan,2024-04-23
CUS0002027,tier_1,Banjul,2023-09-25
CUS0002028,tier_3,Brikama,2023-06-07
CUS0002029,tier_3,Brikama,2025-12-23
CUS0002030,tier_3,Ibadan,2023-02-26
CUS0002031,tier_1,Basse,2023-05-06
CUS0002032,tier_2,Port Harcourt,2025-03-05
CUS0002033,tier_2,Kano,2024-02-07
CUS0002034,tier_2,Kano,2025-10-10
CUS0002035,tier_1,Ibadan,2025-05-06
CUS0002036,tier_1,Abuja,2024-10-06
CUS0002037,tier_1,Kanifing,2024-03-03
CUS0002038,tier_1,Farafenni,2022-09-24
CUS0002039,tier_1,Basse,2024-11-26
CUS0002040,tier_1,Ibadan,2023-07-03
CUS0002041,tier_2,Kanifing,2023-02-17
CUS0002042,tier_1,Kano,2024-03-21
CUS0002043,tier_2,Ibadan,2025-09-08
CUS0002044,tier_3,Lagos,2023-10-09
CUS0002045,tier_1,Abuja,2023-12-05
CUS0002046,tier_1,Banjul,2024-05-28
CUS0002047,tier_1,Basse,2023-07-03
CUS0002048,tier_2,Kanifing,2024-10-16
CUS0002049,tier_2,Kano,2023-09-02
CUS0002050,tier_2,Basse,2025-01-30
CUS0002051,tier_2,Abuja,2023-09-05
CUS0002052,tier_1,Port Harcourt,2025-07-08
CUS0002053,tier_1,Basse,2023-05-04
CUS0002054,tier_3,Ibadan,2024-02-14
CUS0002055,tier_1,Port Harcourt,2023-11-23
CUS0002056,tier_1,Abuja,2024-06-20
CUS0002057,tier_1,Ibadan,2023-05-30
CUS0002058,tier_2,Brikama,2024-11-18
CUS0002059,tier_1,Abuja,2024-05-18
CUS0002060,tier_2,Banjul,2024-04-22
CUS0002061,tier_2,Basse,2023-03-26
CUS0002062,tier_2,Kano,2024-09-28
CUS0002063,tier_1,Banjul,2025-02-19
CUS0002064,tier_1,Kano,2025-04-21
CUS0002065,tier_2,Basse,2023-08-30
CUS0002066,tier_1,Farafenni,2025-11-03
CUS0002067,tier_1,Basse,2023-03-28
CUS0002068,tier_3,Kanifing,2023-12-22
CUS0002069,tier_2,Port Harcourt,2023-07-22
CUS0002070,tier_2,Kano,2025-05-01
CUS0002071,tier_1,Port Harcourt,2025-11-26
CUS0002072,tier_2,Brikama,2022-09-27
CUS0002073,tier_1,Lagos,2023-06-01
CUS0002074,tier_2,Brikama,2023-12-31
CUS0002075,tier_1,Basse,2023-12-23
CUS0002076,tier_1,Lagos,2025-09-23
CUS0002077,tier_1,Ibadan,2025-07-27
CUS0002078,tier_1,Brikama,2025-06-21
CUS0002079,tier_2,Brikama,2022-12-14
CUS0002080,tier_1,Lagos,2024-04-24
CUS0002081,tier_1,Lagos,2025-06-18
CUS0002082,tier_1,Lagos,2025-03-12
CUS0002083,tier_1,Ibadan,2024-06-03
CUS0002084,tier_1,Kano,2023-09-10
CUS0002085,tier_1,Brikama,2025-06-05
CUS0002086,tier_1,Ibadan,2024-10-05
CUS0002087,tier_2,Ibadan,2023-01-20
CUS0002088,tier_2,Ibadan,2025-05-12
CUS0002089,tier_1,Kanifing,2025-05-07
CUS0002090,tier_2,Banjul,2023-04-24
CUS0002091,tier_1,Lagos,2025-03-22
CUS0002092,tier_2,Port Harcourt,2023-01-25
CUS0002093,tier_2,Lagos,2025-01-13
CUS0002094,tier_2,Banjul,2025-05-03
CUS0002095,tier_1,Brikama,2024-09-23
CUS0002096,tier_1,Farafenni,2025-04-09
CUS0002097,tier_3,Abuja,2025-05-17
CUS0002098,tier_1,Kano,2023-08-01
CUS0002099,tier_1,Kanifing,2025-10-25
CUS0002100,tier_2,Ibadan,2025-09-01
CUS0002101,tier_1,Basse,2025-10-04
CUS0002102,tier_1,Banjul,2025-06-17
CUS0002103,tier_2,Port Harcourt,2024-11-06
CUS0002104,tier_2,Farafenni,2024-12-18
CUS0002105,tier_2,Banjul,2025-06-29
CUS0002106,tier_1,Basse,2022-10-01
CUS0002107,tier_1,Brikama,2023-03-12
CUS0002108,tier_2,Port Harcourt,2024-08-23
CUS0002109,tier_1,Kanifing,2025-06-12
CUS0002110,tier_2,Banjul,2023-01-13
CUS0002111,tier_1,Farafenni,2024-06-02
CUS0002112,tier_1,Ibadan,2025-12-23
CUS0002113,tier_3,Kanifing,2024-10-19
CUS0002114,tier_3,Kano,2023-12-12
CUS0002115,tier_2,Brikama,2023-07-15
CUS0002116,tier_2,Kanifing,2024-12-26
CUS0002117,tier_2,Abuja,2023-08-16
CUS0002118,tier_1,Farafenni,2023-09-19
CUS0002119,tier_1,Lagos,2025-04-22
CUS0002120,tier_1,Ibadan,2025-03-28
CUS0002121,tier_1,Lagos,2024-05-20
CUS0002122,tier_2,Banjul,2025-07-16
CUS0002123,tier_1,Kanifing,2023-11-04
CUS0002124,tier_1,Port Harcourt,2024-04-02
CUS0002125,tier_2,Kano,2024-09-25
CUS0002126,tier_2,Basse,2023-08-08
CUS0002127,tier_1,Kanifing,2023-05-02
CUS0002128,tier_3,Lagos,2024-12-29
CUS0002129,tier_1,Kano,2025-05-30
CUS0002130,tier_1,Ibadan,2025-07-10
CUS0002131,tier_1,Abuja,2023-10-03
CUS0002132,tier_2,Kanifing,2025-01-20
CUS0002133,tier_1,Farafenni,2024-02-07
CUS0002134,tier_1,Abuja,2025-04-24
CUS0002135,tier_1,Abuja,2023-03-15
CUS0002136,tier_1,Port Harcourt,2024-06-20
CUS0002137,tier_2,Abuja,2024-01-02
CUS0002138,tier_1,Port Harcourt,2023-09-25
CUS0002139,tier_3,Ibadan,2024-06-08
CUS0002140,tier_1,Kano,2025-05-24
CUS0002141,tier_1,Kano,2023-03-19
CUS0002142,tier_1,Brikama,2025-11-01
CUS0002143,tier_1,Banjul,2025-08-14
CUS0002144,tier_1,Banjul,2024-12-30
CUS0002145,tier_1,Lagos,2025-02-22
CUS0002146,tier_1,Port Harcourt,2025-06-17
CUS0002147,tier_2,Ibadan,2023-03-29
CUS0002148,tier_2,Farafenni,2024-05-09
CUS0002149,tier_2,Kano,2023-03-04
CUS0002150,tier_1,Lagos,2022-12-20
CUS0002151,tier_1,Banjul,2023-08-03
CUS0002152,tier_2,Kanifing,2023-11-07
CUS0002153,tier_1,Abuja,2023-07-09
CUS0002154,tier_1,Banjul,2025-01-03
CUS0002155,tier_2,Basse,2025-01-29
CUS0002156,tier_1,Brikama,2024-04-01
CUS0002157,tier_2,Kano,2025-05-21
CUS0002158,tier_2,Kano,2022-11-23
CUS0002159,tier_2,Port Harcourt,2023-05-14
CUS0002160,tier_1,Brikama,2023-02-28
CUS0002161,tier_1,Basse,2023-03-24
CUS0002162,tier_2,Abuja,2024-01-09
CUS0002163,tier_2,Basse,2024-03-15
CUS0002164,tier_1,Port Harcourt,2025-09-30
CUS0002165,tier_1,Lagos,2024-01-17
CUS0002166,tier_2,Port Harcourt,2025-11-06
CUS0002167,tier_2,Lagos,2023-11-13
CUS0002168,tier_1,Lagos,2023-12-31
CUS0002169,tier_1,Banjul,2024-08-18
CUS0002170,tier_1,Basse,2025-07-11
CUS0002171,tier_3,Kanifing,2024-04-16
CUS0002172,tier_1,Brikama,2025-11-21
CUS0002173,tier_1,Banjul,2023-06-02
CUS0002174,tier_2,Abuja,2022-10-25
CUS0002175,tier_1,Abuja,2024-07-03
CUS0002176,tier_1,Kano,2025-11-16
CUS0002177,tier_3,Abuja,2022-10-20
CUS0002178,tier_1,Port Harcourt,2025-06-14
CUS0002179,tier_2,Kanifing,2024-11-05
CUS0002180,tier_1,Ibadan,2024-02-05
CUS0002181,tier_1,Basse,2023-12-18
CUS0002182,tier_3,Farafenni,2023-03-20
CUS0002183,tier_2,Kanifing,2022-12-30
CUS0002184,tier_1,Basse,2025-09-25
CUS0002185,tier_1,Port Harcourt,2023-09-30
CUS0002186,tier_2,Port Harcourt,2025-06-26
CUS0002187,tier_2,Port Harcourt,2025-06-20
CUS0002188,tier_2,Basse,2025-08-16
CUS0002189,tier_2,Ibadan,2023-05-03
CUS0002190,tier_1,Lagos,2025-07-27
CUS0002191,tier_2,Basse,2023-03-04
CUS0002192,tier_2,Abuja,2022-12-22
CUS0002193,tier_1,Abuja,2023-09-30
CUS0002194,tier_1,Ibadan,2023-06-17
CUS0002195,tier_2,Ibadan,2024-12-27
CUS0002196,tier_2,Ibadan,2024-12-14
CUS0002197,tier_2,Farafenni,2023-05-19
CUS0002198,tier_1,Ibadan,2023-07-27
CUS0002199,tier_3,Banjul,2023-01-27
CUS0002200,tier_1,Kano,2025-03-04
CUS0002201,tier_1,Basse,2023-07-24
CUS0002202,tier_1,Kanifing,2024-11-10
CUS0002203,tier_2,Basse,2024-05-23
CUS0002204,tier_2,Basse,2024-09-04
CUS0002205,tier_1,Kanifing,2025-02-27
CUS0002206,tier_1,Farafenni,2024-04-05
CUS0002207,tier_1,Ibadan,2023-07-22
CUS0002208,tier_1,Banjul,2024-11-13
CUS0002209,tier_1,Brikama,2025-11-02
CUS0002210,tier_1,Basse,2022-11-30
CUS0002211,tier_1,Banjul,2023-04-11
CUS0002212,tier_2,Banjul,2025-07-13
CUS0002213,tier_1,Basse,2025-08-23
CUS0002214,tier_3,Abuja,2023-12-18
CUS0002215,tier_2,Kanifing,2023-10-11
CUS0002216,tier_3,Brikama,2024-09-04
CUS0002217,tier_1,Ibadan,2025-04-28
CUS0002218,tier_1,Port Harcourt,2023-01-21
CUS0002219,tier_1,Kanifing,2024-08-31
CUS0002220,tier_2,Lagos,2024-02-26
CUS0002221,tier_2,Abuja,2024-09-04
CUS0002222,tier_3,Farafenni,2025-03-11
CUS0002223,tier_1,Farafenni,2024-06-17
CUS0002224,tier_1,Basse,2025-09-08
CUS0002225,tier_1,Lagos,2025-05-14
CUS0002226,tier_1,Abuja,2023-05-04
CUS0002227,tier_2,Basse,2025-03-10
CUS0002228,tier_1,Lagos,2024-04-09
CUS0002229,tier_1,Port Harcourt,2025-10-21
CUS0002230,tier_2,Banjul,2024-08-28
CUS0002231,tier_1,Abuja,2024-04-07
CUS0002232,tier_2,Lagos,2025-04-26
CUS0002233,tier_1,Farafenni,2023-07-09
CUS0002234,tier_1,Abuja,2024-07-26
CUS0002235,tier_1,Farafenni,2024-05-01
CUS0002236,tier_1,Brikama,2023-07-17
CUS0002237,tier_2,Abuja,2025-10-23
CUS0002238,tier_1,Kanifing,2023-03-31
CUS0002239,tier_1,Abuja,2024-02-19
CUS0002240,tier_2,Kanifing,2025-02-06
CUS0002241,tier_2,Ibadan,2025-08-18
CUS0002242,tier_1,Port Harcourt,2022-12-06
CUS0002243,tier_2,Kano,2025-11-05
CUS0002244,tier_2,Brikama,2023-07-07
CUS0002245,tier_2,Brikama,2025-12-25
CUS0002246,tier_1,Basse,2024-03-29
CUS0002247,tier_2,Kanifing,2025-02-11
CUS0002248,tier_1,Brikama,2023-09-13
CUS0002249,tier_2,Lagos,2023-06-21
CUS0002250,tier_1,Brikama,2024-07-16
CUS0002251,tier_1,Port Harcourt,2024-03-01
CUS0002252,tier_2,Farafenni,2025-07-12
CUS0002253,tier_1,Brikama,2023-10-18
CUS0002254,tier_2,Port Harcourt,2024-09-28
CUS0002255,tier_1,Banjul,2022-11-14
CUS0002256,tier_2,Farafenni,2025-07-02
CUS0002257,tier_3,Farafenni,2024-07-13
CUS0002258,tier_2,Brikama,2025-09-21
CUS0002259,tier_1,Abuja,2024-07-17
CUS0002260,tier_1,Lagos,2025-01-17
CUS0002261,tier_3,Kanifing,2025-12-03
CUS0002262,tier_2,Abuja,2023-06-16
CUS0002263,tier_2,Kano,2025-05-03
CUS0002264,tier_1,Farafenni,2024-12-06
CUS0002265,tier_3,Basse,2024-05-21
CUS0002266,tier_2,Abuja,2025-04-09
CUS0002267,tier_1,Farafenni,2024-10-16
CUS0002268,tier_3,Basse,2024-12-09
CUS0002269,tier_1,Abuja,2025-03-08
CUS0002270,tier_1,Basse,2024-09-05
CUS0002271,tier_2,Farafenni,2023-12-05
CUS0002272,tier_2,Kano,2025-07-09
CUS0002273,tier_1,Brikama,2024-03-09
CUS0002274,tier_3,Abuja,2024-10-23
CUS0002275,tier_2,Abuja,2024-07-25
CUS0002276,tier_1,Ibadan,2025-09-02
CUS0002277,tier_1,Farafenni,2023-05-12
CUS0002278,tier_3,Port Harcourt,2025-09-29
CUS0002279,tier_1,Ibadan,2023-11-12
CUS0002280,tier_1,Abuja,2023-12-03
CUS0002281,tier_1,Ibadan,2025-10-08
CUS0002282,tier_2,Basse,2025-01-18
CUS0002283,tier_1,Lagos,2023-05-18
CUS0002284,tier_1,Lagos,2023-01-10
CUS0002285,tier_1,Basse,2025-05-06
CUS0002286,tier_1,Brikama,2023-03-15
CUS0002287,tier_2,Basse,2023-12-24
CUS0002288,tier_3,Basse,2024-07-10
CUS0002289,tier_2,Basse,2023-02-07
CUS0002290,tier_1,Brikama,2024-03-25
CUS0002291,tier_2,Kano,2025-02-25
CUS0002292,tier_2,Kano,2025-09-14
CUS0002293,tier_1,Banjul,2024-09-17
CUS0002294,tier_1,Kano,2024-07-17
CUS0002295,tier_1,Kano,2023-07-22
CUS0002296,tier_1,Kano,2025-10-09
CUS0002297,tier_1,Ibadan,2023-04-13
CUS0002298,tier_1,Kanifing,2025-03-03
CUS0002299,tier_1,Kanifing,2024-11-09
CUS0002300,tier_2,Brikama,2025-01-21
CUS0002301,tier_2,Basse,2022-11-04
CUS0002302,tier_2,Port Harcourt,2024-10-23
CUS0002303,tier_2,Banjul,2023-01-19
CUS0002304,tier_2,Brikama,2023-09-01
CUS0002305,tier_3,Farafenni,2023-03-17
CUS0002306,tier_2,Lagos,2025-11-08
CUS0002307,tier_1,Kanifing,2023-10-16
CUS0002308,tier_1,Kanifing,2024-03-09
CUS0002309,tier_1,Kanifing,2023-06-03
CUS0002310,tier_2,Kano,2023-06-16
CUS0002311,tier_2,Basse,2025-12-20
CUS0002312,tier_1,Banjul,2023-06-18
CUS0002313,tier_1,Port Harcourt,2025-04-11
CUS0002314,tier_1,Banjul,2024-05-31
CUS0002315,tier_1,Banjul,2025-08-09
CUS0002316,tier_1,Port Harcourt,2023-11-11
CUS0002317,tier_1,Basse,2025-01-01
CUS0002318,tier_1,Abuja,2025-07-02
CUS0002319,tier_1,Farafenni,2025-02-01
CUS0002320,tier_1,Abuja,2024-05-27
CUS0002321,tier_2,Brikama,2025-04-29
CUS0002322,tier_1,Abuja,2024-04-05
CUS0002323,tier_3,Port Harcourt,2025-04-07
CUS0002324,tier_1,Kanifing,2023-12-10
CUS0002325,tier_1,Kano,2023-07-03
CUS0002326,tier_2,Kano,2024-06-30
CUS0002327,tier_2,Abuja,2025-06-30
CUS0002328,tier_2,Lagos,2024-12-15
CUS0002329,tier_1,Abuja,2025-06-24
CUS0002330,tier_1,Lagos,2023-05-27
CUS0002331,tier_2,Brikama,2023-03-23
CUS0002332,tier_1,Ibadan,2025-07-13
CUS0002333,tier_1,Abuja,2025-07-22
CUS0002334,tier_3,Kano,2024-04-25
CUS0002335,tier_1,Brikama,2024-04-25
CUS0002336,tier_2,Ibadan,2023-08-09
CUS0002337,tier_1,Banjul,2022-11-29
CUS0002338,tier_1,Banjul,2023-02-14
CUS0002339,tier_1,Abuja,2023-09-08
CUS0002340,tier_1,Port Harcourt,2024-07-31
CUS0002341,tier_1,Port Harcourt,2025-07-17
CUS0002342,tier_2,Banjul,2025-05-12
CUS0002343,tier_2,Kano,2024-12-29
CUS0002344,tier_2,Abuja,2025-09-30
CUS0002345,tier_1,Basse,2024-03-29
CUS0002346,tier_2,Kano,2023-06-24
CUS0002347,tier_2,Basse,2024-02-01
CUS0002348,tier_3,Brikama,2024-10-25
CUS0002349,tier_1,Port Harcourt,2024-07-18
CUS0002350,tier_2,Kanifing,2023-07-27
CUS0002351,tier_1,Banjul,2023-10-15
CUS0002352,tier_1,Brikama,2023-04-29
CUS0002353,tier_1,Abuja,2023-04-10
CUS0002354,tier_1,Port Harcourt,2023-12-24
CUS0002355,tier_2,Abuja,2024-04-21
CUS0002356,tier_1,Brikama,2025-12-03
CUS0002357,tier_1,Banjul,2024-12-11
CUS0002358,tier_2,Farafenni,2023-04-21
CUS0002359,tier_2,Farafenni,2023-07-23
CUS0002360,tier_2,Ibadan,2024-12-06
CUS0002361,tier_1,Kano,2025-03-03
CUS0002362,tier_1,Banjul,2025-05-07
CUS0002363,tier_1,Brikama,2023-07-04
CUS0002364,tier_3,Kano,2025-11-21
CUS0002365,tier_2,Port Harcourt,2024-08-22
CUS0002366,tier_1,Port Harcourt,2023-10-21
CUS0002367,tier_1,Banjul,2025-06-04
CUS0002368,tier_2,Abuja,2023-09-02
CUS0002369,tier_2,Port Harcourt,2022-11-22
CUS0002370,tier_3,Banjul,2023-04-08
CUS0002371,tier_1,Ibadan,2023-04-07
CUS0002372,tier_1,Banjul,2023-01-15
CUS0002373,tier_1,Port Harcourt,2024-03-25
CUS0002374,tier_2,Basse,2023-08-30
CUS0002375,tier_2,Kanifing,2023-03-24
CUS0002376,tier_2,Lagos,2023-06-27
CUS0002377,tier_2,Banjul,2025-02-04
CUS0002378,tier_1,Farafenni,2023-05-15
CUS0002379,tier_1,Farafenni,2023-02-26
CUS0002380,tier_1,Lagos,2023-05-17
CUS0002381,tier_1,Basse,2023-10-24
CUS0002382,tier_3,Lagos,2023-05-09
CUS0002383,tier_2,Brikama,2024-11-02
CUS0002384,tier_1,Kanifing,2023-04-18
CUS0002385,tier_1,Farafenni,2025-02-14
CUS0002386,tier_2,Kanifing,2023-09-02
CUS0002387,tier_3,Kano,2024-04-19
CUS0002388,tier_1,Ibadan,2025-09-26
CUS0002389,tier_3,Lagos,2024-07-15
CUS0002390,tier_1,Brikama,2025-01-08
CUS0002391,tier_2,Ibadan,2025-10-27
CUS0002392,tier_2,Lagos,2023-08-03
CUS0002393,tier_1,Farafenni,2025-04-28
CUS0002394,tier_2,Kano,2024-07-21
CUS0002395,tier_3,Lagos,2025-09-27
CUS0002396,tier_2,Ibadan,2024-07-02
CUS0002397,tier_2,Ibadan,2025-06-01
CUS0002398,tier_2,Kano,2023-06-09
CUS0002399,tier_3,Kanifing,2025-05-29
CUS0002400,tier_2,Port Harcourt,2025-06-06
CUS0002401,tier_2,Banjul,2023-02-27
CUS0002402,tier_1,Kanifing,2024-11-06
CUS0002403,tier_3,Brikama,2024-05-12
CUS0002404,tier_2,Ibadan,2023-03-17
CUS0002405,tier_2,Kanifing,2025-02-19
CUS0002406,tier_2,Lagos,2025-03-24
CUS0002407,tier_1,Farafenni,2023-07-16
CUS0002408,tier_3,Banjul,2024-08-16
CUS0002409,tier_2,Kano,2024-02-01
CUS0002410,tier_1,Brikama,2025-07-10
CUS0002411,tier_1,Abuja,2023-12-24
CUS0002412,tier_2,Farafenni,2025-02-24
CUS0002413,tier_2,Ibadan,2023-08-21
CUS0002414,tier_2,Brikama,2023-08-06
CUS0002415,tier_1,Abuja,2023-06-06
CUS0002416,tier_3,Ibadan,2023-12-22
CUS0002417,tier_3,Kano,2025-03-08
CUS0002418,tier_2,Ibadan,2025-08-11
CUS0002419,tier_1,Lagos,2023-10-01
CUS0002420,tier_3,Brikama,2023-07-27
CUS0002421,tier_1,Banjul,2025-02-25
CUS0002422,tier_3,Banjul,2023-02-01
CUS0002423,tier_3,Abuja,2023-09-30
CUS0002424,tier_2,Ibadan,2024-04-17
CUS0002425,tier_2,Lagos,2024-01-27
CUS0002426,tier_1,Basse,2023-01-16
CUS0002427,tier_2,Brikama,2023-09-26
CUS0002428,tier_1,Farafenni,2022-12-13
CUS0002429,tier_2,Port Harcourt,2023-07-10
CUS0002430,tier_2,Abuja,2024-11-22
CUS0002431,tier_2,Kanifing,2025-10-17
CUS0002432,tier_1,Abuja,2025-04-17
CUS0002433,tier_1,Ibadan,2024-05-29
CUS0002434,tier_1,Ibadan,2022-11-27
CUS0002435,tier_1,Lagos,2025-02-07
CUS0002436,tier_1,Ibadan,2024-07-20
CUS0002437,tier_1,Basse,2023-08-19
CUS0002438,tier_3,Kanifing,2025-08-31
CUS0002439,tier_2,Basse,2023-02-26
CUS0002440,tier_1,Banjul,2025-04-20
CUS0002441,tier_1,Port Harcourt,2025-12-21
CUS0002442,tier_1,Farafenni,2022-09-27
CUS0002443,tier_2,Ibadan,2024-09-09
CUS0002444,tier_1,Basse,2022-10-15
CUS0002445,tier_2,Abuja,2023-02-01
CUS0002446,tier_2,Kanifing,2024-02-29
CUS0002447,tier_1,Farafenni,2023-12-23
CUS0002448,tier_1,Brikama,2023-08-13
CUS0002449,tier_2,Kanifing,2025-06-26
CUS0002450,tier_1,Brikama,2023-05-01
CUS0002451,tier_1,Kanifing,2023-12-06
CUS0002452,tier_2,Abuja,2022-11-13
CUS0002453,tier_1,Abuja,2024-07-09
CUS0002454,tier_2,Abuja,2023-07-14
CUS0002455,tier_2,Kano,2023-08-31
CUS0002456,tier_2,Brikama,2023-03-02
CUS0002457,tier_1,Kano,2025-04-11
CUS0002458,tier_3,Ibadan,2023-01-13
CUS0002459,tier_1,Farafenni,2023-06-13
CUS0002460,tier_1,Brikama,2022-11-13
CUS0002461,tier_1,Kanifing,2023-09-17
CUS0002462,tier_1,Lagos,2022-10-18
CUS0002463,tier_1,Ibadan,2025-02-21
CUS0002464,tier_1,Basse,2023-11-26
CUS0002465,tier_1,Kano,2025-11-04
CUS0002466,tier_2,Brikama,2023-08-21
CUS0002467,tier_1,Basse,2024-05-30
CUS0002468,tier_1,Kano,2025-12-27
CUS0002469,tier_1,Lagos,2025-08-15
CUS0002470,tier_2,Abuja,2023-04-21
CUS0002471,tier_2,Port Harcourt,2023-06-19
CUS0002472,tier_3,Abuja,2023-05-03
CUS0002473,tier_2,Port Harcourt,2025-04-04
CUS0002474,tier_2,Ibadan,2023-06-02
CUS0002475,tier_2,Kano,2025-03-01
CUS0002476,tier_2,Lagos,2025-07-02
CUS0002477,tier_2,Port Harcourt,2023-09-15
CUS0002478,tier_1,Abuja,2024-02-06
CUS0002479,tier_1,Kano,2024-06-11
CUS0002480,tier_2,Brikama,2025-11-11
CUS0002481,tier_2,Basse,2022-11-08
CUS0002482,tier_2,Ibadan,2025-07-10
CUS0002483,tier_1,Port Harcourt,2022-12-18
CUS0002484,tier_2,Banjul,2022-10-21
CUS0002485,tier_1,Kano,2023-03-08
CUS0002486,tier_2,Kanifing,2023-01-07
CUS0002487,tier_1,Banjul,2024-06-16
CUS0002488,tier_2,Farafenni,2022-10-02
CUS0002489,tier_1,Ibadan,2024-03-15
CUS0002490,tier_1,Banjul,2023-03-31
CUS0002491,tier_2,Banjul,2024-02-04
CUS0002492,tier_1,Abuja,2025-11-12
CUS0002493,tier_2,Lagos,2023-11-10
CUS0002494,tier_1,Kanifing,2025-06-11
CUS0002495,tier_1,Basse,2025-03-12
CUS0002496,tier_1,Kanifing,2025-02-19
CUS0002497,tier_1,Abuja,2025-01-19
CUS0002498,tier_1,Lagos,2024-12-25
CUS0002499,tier_1,Banjul,2024-04-30
CUS0002500,tier_1,Lagos,2025-03-15
CUS0002501,tier_1,Lagos,2024-07-21
CUS0002502,tier_1,Kanifing,2025-09-16
CUS0002503,tier_1,Port Harcourt,2024-09-03
CUS0002504,tier_1,Ibadan,2023-11-04
CUS0002505,tier_3,Basse,2025-08-29
CUS0002506,tier_1,Ibadan,2023-09-20
CUS0002507,tier_1,Banjul,2023-09-19
CUS0002508,tier_2,Banjul,2024-06-28
CUS0002509,tier_2,Port Harcourt,2025-06-07
CUS0002510,tier_1,Ibadan,2025-04-18
CUS0002511,tier_1,Abuja,2023-07-02
CUS0002512,tier_1,Ibadan,2024-11-10
CUS0002513,tier_2,Brikama,2023-11-28
CUS0002514,tier_1,Brikama,2024-08-16
CUS0002515,tier_1,Abuja,2022-11-21
CUS0002516,tier_1,Banjul,2023-05-25
CUS0002517,tier_3,Port Harcourt,2024-05-18
CUS0002518,tier_2,Brikama,2025-12-30
CUS0002519,tier_1,Kano,2024-06-20
CUS0002520,tier_2,Abuja,2024-01-12
CUS0002521,tier_2,Farafenni,2022-09-20
CUS0002522,tier_2,Basse,2025-09-29
CUS0002523,tier_1,Ibadan,2022-11-04
CUS0002524,tier_1,Kanifing,2023-10-14
CUS0002525,tier_2,Brikama,2022-11-18
CUS0002526,tier_3,Abuja,2024-10-26
CUS0002527,tier_2,Lagos,2024-01-30
CUS0002528,tier_2,Kano,2024-06-20
CUS0002529,tier_1,Lagos,2024-02-01
CUS0002530,tier_1,Port Harcourt,2024-02-28
CUS0002531,tier_1,Brikama,2025-12-27
CUS0002532,tier_2,Banjul,2025-12-12
CUS0002533,tier_2,Abuja,2022-11-19
CUS0002534,tier_2,Kano,2023-10-19
CUS0002535,tier_1,Kanifing,2022-12-24
CUS0002536,tier_1,Kano,2025-04-23
CUS0002537,tier_1,Abuja,2023-12-29
CUS0002538,tier_1,Banjul,2025-04-20
CUS0002539,tier_1,Farafenni,2023-07-05
CUS0002540,tier_1,Banjul,2024-06-04
CUS0002541,tier_2,Lagos,2024-12-04
CUS0002542,tier_1,Port Harcourt,2024-04-20
CUS0002543,tier_2,Farafenni,2024-09-08
CUS0002544,tier_3,Lagos,2025-10-17
CUS0002545,tier_1,Port Harcourt,2024-10-29
CUS0002546,tier_1,Abuja,2025-05-18
CUS0002547,tier_2,Port Harcourt,2023-03-13
CUS0002548,tier_1,Ibadan,2024-11-30
CUS0002549,tier_2,Port Harcourt,2022-10-31
CUS0002550,tier_1,Port Harcourt,2025-04-13
CUS0002551,tier_2,Brikama,2024-07-18
CUS0002552,tier_3,Farafenni,2023-01-25
CUS0002553,tier_2,Basse,2024-12-04
CUS0002554,tier_2,Banjul,2023-01-05
CUS0002555,tier_2,Ibadan,2023-06-16
CUS0002556,tier_1,Abuja,2025-09-16
CUS0002557,tier_2,Lagos,2023-07-30
CUS0002558,tier_2,Abuja,2024-06-18
CUS0002559,tier_1,Ibadan,2023-05-21
CUS0002560,tier_1,Ibadan,2025-10-03
CUS0002561,tier_2,Farafenni,2025-09-26
CUS0002562,tier_1,Abuja,2023-01-06
CUS0002563,tier_1,Banjul,2023-10-21
CUS0002564,tier_1,Kanifing,2022-10-17
CUS0002565,tier_2,Farafenni,2023-08-17
CUS0002566,tier_3,Farafenni,2024-11-23
CUS0002567,tier_1,Basse,2025-08-25
CUS0002568,tier_2,Kanifing,2025-11-04
CUS0002569,tier_1,Banjul,2024-02-16
CUS0002570,tier_2,Farafenni,2025-05-25
CUS0002571,tier_1,Lagos,2025-09-11
CUS0002572,tier_2,Ibadan,2024-09-03
CUS0002573,tier_3,Port Harcourt,2023-07-17
CUS0002574,tier_2,Kano,2022-10-03
CUS0002575,tier_1,Banjul,2025-10-24
CUS0002576,tier_1,Kanifing,2025-04-14
CUS0002577,tier_1,Kano,2025-09-10
CUS0002578,tier_1,Abuja,2025-08-19
CUS0002579,tier_1,Banjul,2022-11-12
CUS0002580,tier_1,Abuja,2023-10-01
CUS0002581,tier_1,Abuja,2024-09-10
CUS0002582,tier_2,Port Harcourt,2025-12-10
CUS0002583,tier_1,Kano,2023-08-08
CUS0002584,tier_2,Port Harcourt,2025-06-07
CUS0002585,tier_1,Banjul,2023-06-16
CUS0002586,tier_1,Port Harcourt,2024-12-02
CUS0002587,tier_1,Banjul,2025-08-15
CUS0002588,tier_2,Farafenni,2022-10-15
CUS0002589,tier_1,Ibadan,2024-07-25
CUS0002590,tier_1,Kano,2023-07-05
CUS0002591,tier_1,Brikama,2025-10-02
CUS0002592,tier_1,Basse,2022-09-21
CUS0002593,tier_1,Lagos,2024-04-03
CUS0002594,tier_2,Ibadan,2025-03-08
CUS0002595,tier_1,Basse,2024-01-29
CUS0002596,tier_1,Banjul,2023-02-05
CUS0002597,tier_2,Brikama,2025-09-05
CUS0002598,tier_1,Ibadan,2025-09-11
CUS0002599,tier_1,Farafenni,2024-11-16
CUS0002600,tier_2,Farafenni,2025-08-13
CUS0002601,tier_1,Kano,2023-05-19
CUS0002602,tier_2,Lagos,2022-10-04
CUS0002603,tier_2,Lagos,2024-04-27
CUS0002604,tier_1,Brikama,2025-05-31
CUS0002605,tier_1,Banjul,2023-03-22
CUS0002606,tier_1,Banjul,2024-10-01
CUS0002607,tier_2,Kano,2024-10-21
CUS0002608,tier_1,Lagos,2023-11-23
CUS0002609,tier_1,Brikama,2025-12-18
CUS0002610,tier_1,Kanifing,2023-12-30
CUS0002611,tier_1,Kanifing,2025-03-15
CUS0002612,tier_1,Farafenni,2022-09-19
CUS0002613,tier_3,Lagos,2025-10-03
CUS0002614,tier_3,Farafenni,2024-11-21
CUS0002615,tier_1,Farafenni,2024-07-13
CUS0002616,tier_2,Lagos,2022-11-22
CUS0002617,tier_1,Farafenni,2025-11-17
CUS0002618,tier_1,Basse,2025-06-07
CUS0002619,tier_1,Brikama,2023-11-16
CUS0002620,tier_2,Kanifing,2024-02-07
CUS0002621,tier_3,Basse,2023-06-11
CUS0002622,tier_1,Lagos,2025-01-15
CUS0002623,tier_3,Port Harcourt,2023-07-27
CUS0002624,tier_2,Kanifing,2025-05-03
CUS0002625,tier_1,Brikama,2024-12-08
CUS0002626,tier_1,Abuja,2023-11-26
CUS0002627,tier_1,Abuja,2024-08-18
CUS0002628,tier_3,Port Harcourt,2024-12-09
CUS0002629,tier_2,Basse,2025-03-02
CUS0002630,tier_1,Banjul,2024-06-06
CUS0002631,tier_2,Ibadan,2022-09-22
CUS0002632,tier_2,Farafenni,2025-07-18
CUS0002633,tier_2,Port Harcourt,2025-08-21
CUS0002634,tier_1,Abuja,2023-02-23
CUS0002635,tier_1,Ibadan,2023-05-26
CUS0002636,tier_1,Lagos,2023-01-20
CUS0002637,tier_2,Kano,2023-05-06
CUS0002638,tier_1,Abuja,2022-09-23
CUS0002639,tier_2,Farafenni,2024-10-08
CUS0002640,tier_2,Kano,2024-09-07
CUS0002641,tier_1,Basse,2023-08-14
CUS0002642,tier_2,Port Harcourt,2025-02-13
CUS0002643,tier_3,Lagos,2024-07-28
CUS0002644,tier_2,Brikama,2025-07-12
CUS0002645,tier_1,Ibadan,2024-01-11
CUS0002646,tier_1,Banjul,2023-05-24
CUS0002647,tier_1,Lagos,2023-08-12
CUS0002648,tier_1,Abuja,2023-09-16
CUS0002649,tier_1,Kano,2024-03-22
CUS0002650,tier_1,Banjul,2024-12-29
CUS0002651,tier_1,Basse,2025-07-29
CUS0002652,tier_1,Kanifing,2024-05-07
CUS0002653,tier_2,Ibadan,2022-12-08
CUS0002654,tier_2,Basse,2024-09-21
CUS0002655,tier_1,Kanifing,2023-12-25
CUS0002656,tier_1,Farafenni,2024-02-17
CUS0002657,tier_1,Lagos,2024-08-06
CUS0002658,tier_1,Basse,2024-12-06
CUS0002659,tier_2,Brikama,2022-12-15
CUS0002660,tier_3,Banjul,2024-04-27
CUS0002661,tier_1,Lagos,2023-09-26
CUS0002662,tier_3,Port Harcourt,2025-12-07
CUS0002663,tier_1,Ibadan,2025-03-01
CUS0002664,tier_2,Farafenni,2024-09-23
CUS0002665,tier_2,Farafenni,2023-05-05
CUS0002666,tier_1,Port Harcourt,2022-11-26
CUS0002667,tier_2,Kano,2024-02-03
CUS0002668,tier_2,Lagos,2024-12-12
CUS0002669,tier_1,Abuja,2024-10-28
CUS0002670,tier_1,Ibadan,2025-10-31
CUS0002671,tier_1,Port Harcourt,2025-04-13
CUS0002672,tier_1,Banjul,2023-03-14
CUS0002673,tier_2,Lagos,2024-02-05
CUS0002674,tier_1,Abuja,2023-09-27
CUS0002675,tier_2,Ibadan,2024-04-27
CUS0002676,tier_1,Banjul,2022-10-26
CUS0002677,tier_2,Brikama,2025-02-20
CUS0002678,tier_3,Lagos,2022-10-25
CUS0002679,tier_2,Port Harcourt,2022-10-13
CUS0002680,tier_2,Abuja,2024-11-08
CUS0002681,tier_3,Kanifing,2023-01-02
CUS0002682,tier_1,Kano,2025-05-23
CUS0002683,tier_1,Kano,2024-04-17
CUS0002684,tier_1,Kanifing,2022-11-25
CUS0002685,tier_1,Port Harcourt,2023-04-06
CUS0002686,tier_1,Farafenni,2025-08-11
CUS0002687,tier_3,Abuja,2024-05-29
CUS0002688,tier_1,Basse,2023-01-23
CUS0002689,tier_1,Banjul,2023-12-08
CUS0002690,tier_1,Brikama,2024-03-02
CUS0002691,tier_2,Abuja,2023-10-23
CUS0002692,tier_1,Kanifing,2025-04-11
CUS0002693,tier_1,Kano,2025-08-13
CUS0002694,tier_1,Farafenni,2025-04-09
CUS0002695,tier_2,Basse,2023-07-30
CUS0002696,tier_2,Kano,2025-02-09
CUS0002697,tier_2,Basse,2024-11-11
CUS0002698,tier_1,Kano,2024-06-15
CUS0002699,tier_1,Brikama,2023-07-03
CUS0002700,tier_1,Abuja,2024-08-13
CUS0002701,tier_1,Port Harcourt,2023-04-01
CUS0002702,tier_1,Port Harcourt,2025-10-12
CUS0002703,tier_2,Basse,2023-06-11
CUS0002704,tier_1,Basse,2023-10-23
CUS0002705,tier_2,Brikama,2023-09-03
CUS0002706,tier_1,Port Harcourt,2023-07-31
CUS0002707,tier_1,Brikama,2022-10-24
CUS0002708,tier_1,Banjul,2024-08-28
CUS0002709,tier_2,Brikama,2024-06-19
CUS0002710,tier_2,Ibadan,2024-05-13
CUS0002711,tier_2,Kanifing,2024-10-13
CUS0002712,tier_3,Abuja,2022-11-25
CUS0002713,tier_1,Lagos,2025-07-28
CUS0002714,tier_2,Ibadan,2024-03-04
CUS0002715,tier_1,Brikama,2024-08-01
CUS0002716,tier_1,Banjul,2023-05-30
CUS0002717,tier_1,Kano,2023-11-12
CUS0002718,tier_1,Abuja,2024-11-28
CUS0002719,tier_1,Banjul,2024-08-05
CUS0002720,tier_1,Brikama,2024-03-02
CUS0002721,tier_2,Kano,2023-04-14
CUS0002722,tier_1,Kanifing,2022-12-04
CUS0002723,tier_2,Kano,2025-03-19
CUS0002724,tier_1,Basse,2025-02-04
CUS0002725,tier_1,Banjul,2025-06-09
CUS0002726,tier_1,Kanifing,2023-01-02
CUS0002727,tier_2,Brikama,2025-07-26
CUS0002728,tier_2,Banjul,2024-06-20
CUS0002729,tier_1,Lagos,2025-01-01
CUS0002730,tier_1,Banjul,2023-01-06
CUS0002731,tier_1,Banjul,2023-01-26
CUS0002732,tier_2,Kanifing,2023-10-24
CUS0002733,tier_2,Kano,2025-09-15
CUS0002734,tier_2,Banjul,2023-11-20
CUS0002735,tier_2,Farafenni,2023-11-25
CUS0002736,tier_3,Farafenni,2025-06-27
CUS0002737,tier_1,Banjul,2025-12-02
CUS0002738,tier_1,Farafenni,2025-08-24
CUS0002739,tier_1,Kanifing,2025-01-22
CUS0002740,tier_2,Banjul,2023-09-02
CUS0002741,tier_1,Lagos,2024-03-11
CUS0002742,tier_2,Farafenni,2024-11-02
CUS0002743,tier_3,Abuja,2023-08-08
CUS0002744,tier_1,Farafenni,2025-05-29
CUS0002745,tier_1,Brikama,2025-12-01
CUS0002746,tier_1,Lagos,2025-12-07
CUS0002747,tier_1,Kano,2024-10-07
CUS0002748,tier_1,Basse,2023-12-07
CUS0002749,tier_1,Farafenni,2023-09-12
CUS0002750,tier_1,Port Harcourt,2023-03-14
CUS0002751,tier_3,Kanifing,2022-12-29
CUS0002752,tier_2,Port Harcourt,2025-01-14
CUS0002753,tier_1,Kanifing,2024-03-07
CUS0002754,tier_3,Abuja,2025-04-03
CUS0002755,tier_1,Lagos,2023-04-19
CUS0002756,tier_1,Banjul,2022-09-20
CUS0002757,tier_1,Ibadan,2024-09-11
CUS0002758,tier_1,Banjul,2024-09-11
CUS0002759,tier_1,Kanifing,2024-04-08
CUS0002760,tier_1,Abuja,2024-08-20
CUS0002761,tier_2,Banjul,2025-03-25
CUS0002762,tier_1,Basse,2024-11-13
CUS0002763,tier_1,Farafenni,2025-10-15
CUS0002764,tier_1,Port Harcourt,2023-07-07
CUS0002765,tier_2,Lagos,2025-04-01
CUS0002766,tier_1,Banjul,2023-01-30
CUS0002767,tier_2,Abuja,2024-05-20
CUS0002768,tier_2,Farafenni,2024-02-22
CUS0002769,tier_1,Farafenni,2022-12-23
CUS0002770,tier_1,Farafenni,2024-10-02
CUS0002771,tier_2,Abuja,2023-01-29
CUS0002772,tier_1,Kano,2025-12-19
CUS0002773,tier_1,Kano,2025-08-10
CUS0002774,tier_3,Banjul,2025-03-17
CUS0002775,tier_3,Brikama,2025-06-27
CUS0002776,tier_1,Ibadan,2024-11-08
CUS0002777,tier_1,Kanifing,2023-08-12
CUS0002778,tier_2,Basse,2025-01-29
CUS0002779,tier_2,Farafenni,2023-08-16
CUS0002780,tier_1,Farafenni,2024-04-20
CUS0002781,tier_1,Kano,2024-11-14
CUS0002782,tier_1,Kano,2025-07-21
CUS0002783,tier_3,Lagos,2023-10-08
CUS0002784,tier_1,Kano,2023-07-12
CUS0002785,tier_1,Port Harcourt,2023-07-28
CUS0002786,tier_2,Kano,2025-11-21
CUS0002787,tier_2,Abuja,2025-07-14
CUS0002788,tier_2,Basse,2022-12-27
CUS0002789,tier_1,Brikama,2024-07-23
CUS0002790,tier_1,Basse,2023-06-17
CUS0002791,tier_1,Ibadan,2023-04-22
CUS0002792,tier_1,Brikama,2023-05-15
CUS0002793,tier_1,Farafenni,2025-12-23
CUS0002794,tier_1,Ibadan,2023-11-26
CUS0002795,tier_1,Abuja,2023-10-15
CUS0002796,tier_3,Lagos,2023-11-06
CUS0002797,tier_1,Port Harcourt,2025-08-08
CUS0002798,tier_1,Banjul,2025-04-21
CUS0002799,tier_1,Port Harcourt,2025-02-02
CUS0002800,tier_1,Abuja,2024-07-27
CUS0002801,tier_2,Lagos,2023-02-22
CUS0002802,tier_2,Lagos,2025-09-04
CUS0002803,tier_2,Abuja,2024-08-13
CUS0002804,tier_1,Banjul,2023-12-22
CUS0002805,tier_2,Banjul,2025-03-04
CUS0002806,tier_1,Kano,2025-03-05
CUS0002807,tier_1,Port Harcourt,2022-10-04
CUS0002808,tier_3,Brikama,2025-12-06
CUS0002809,tier_1,Kanifing,2023-11-05
CUS0002810,tier_1,Port Harcourt,2025-07-20
CUS0002811,tier_1,Farafenni,2023-08-18
CUS0002812,tier_1,Abuja,2024-08-01
CUS0002813,tier_2,Ibadan,2023-01-05
CUS0002814,tier_2,Abuja,2024-04-10
CUS0002815,tier_2,Kanifing,2025-05-22
CUS0002816,tier_2,Lagos,2025-03-14
CUS0002817,tier_1,Farafenni,2023-10-08
CUS0002818,tier_2,Banjul,2025-01-21
CUS0002819,tier_2,Banjul,2025-06-16
CUS0002820,tier_1,Abuja,2023-01-21
CUS0002821,tier_1,Basse,2023-08-02
CUS0002822,tier_1,Lagos,2024-12-15
CUS0002823,tier_2,Farafenni,2023-04-10
CUS0002824,tier_1,Kanifing,2023-06-23
CUS0002825,tier_2,Farafenni,2024-12-16
CUS0002826,tier_1,Brikama,2024-12-04
CUS0002827,tier_1,Abuja,2023-07-13
CUS0002828,tier_2,Port Harcourt,2025-05-22
CUS0002829,tier_2,Brikama,2025-07-21
CUS0002830,tier_1,Abuja,2025-04-20
CUS0002831,tier_1,Lagos,2025-11-01
CUS0002832,tier_2,Kano,2023-04-13
CUS0002833,tier_2,Kanifing,2025-12-12
CUS0002834,tier_1,Banjul,2022-09-26
CUS0002835,tier_2,Banjul,2025-06-16
CUS0002836,tier_1,Banjul,2023-11-23
CUS0002837,tier_2,Basse,2023-04-11
CUS0002838,tier_1,Lagos,2023-08-05
CUS0002839,tier_1,Lagos,2024-03-26
CUS0002840,tier_2,Lagos,2023-10-07
CUS0002841,tier_1,Banjul,2024-01-02
CUS0002842,tier_2,Kanifing,2025-12-25
CUS0002843,tier_1,Abuja,2025-03-22
CUS0002844,tier_1,Kanifing,2023-01-10
CUS0002845,tier_1,Farafenni,2023-12-08
CUS0002846,tier_1,Kano,2023-02-11
CUS0002847,tier_1,Farafenni,2025-12-25
CUS0002848,tier_3,Lagos,2025-11-27
CUS0002849,tier_2,Banjul,2024-03-05
CUS0002850,tier_2,Farafenni,2023-04-14
CUS0002851,tier_1,Port Harcourt,2025-07-18
CUS0002852,tier_1,Kano,2025-06-09
CUS0002853,tier_2,Basse,2024-11-27
CUS0002854,tier_2,Ibadan,2022-10-17
CUS0002855,tier_2,Ibadan,2025-10-27
CUS0002856,tier_1,Kanifing,2024-04-23
CUS0002857,tier_2,Ibadan,2023-05-20
CUS0002858,tier_1,Kano,2025-05-09
CUS0002859,tier_1,Ibadan,2024-08-25
CUS0002860,tier_1,Brikama,2025-07-01
CUS0002861,tier_1,Banjul,2025-02-06
CUS0002862,tier_3,Lagos,2023-11-07
CUS0002863,tier_2,Farafenni,2024-07-22
CUS0002864,tier_2,Kanifing,2025-03-28
CUS0002865,tier_3,Kano,2025-06-29
CUS0002866,tier_2,Lagos,2024-09-29
CUS0002867,tier_3,Port Harcourt,2025-08-21
CUS0002868,tier_2,Abuja,2023-11-11
CUS0002869,tier_2,Ibadan,2023-07-21
CUS0002870,tier_2,Farafenni,2024-07-19
CUS0002871,tier_1,Kanifing,2025-05-17
CUS0002872,tier_1,Port Harcourt,2024-12-11
CUS0002873,tier_2,Kanifing,2022-10-15
CUS0002874,tier_1,Lagos,2023-11-14
CUS0002875,tier_2,Banjul,2024-04-04
CUS0002876,tier_1,Ibadan,2024-12-08
CUS0002877,tier_2,Abuja,2024-03-17
CUS0002878,tier_2,Brikama,2023-02-01
CUS0002879,tier_2,Port Harcourt,2024-10-03
CUS0002880,tier_1,Banjul,2022-12-25
CUS0002881,tier_2,Lagos,2025-03-10
CUS0002882,tier_2,Basse,2024-10-09
CUS0002883,tier_1,Kano,2025-03-05
CUS0002884,tier_2,Brikama,2025-10-22
CUS0002885,tier_2,Basse,2023-03-09
CUS0002886,tier_3,Kanifing,2024-06-19
CUS0002887,tier_3,Port Harcourt,2023-04-27
CUS0002888,tier_2,Farafenni,2023-03-24
CUS0002889,tier_1,Abuja,2025-09-02
CUS0002890,tier_3,Lagos,2025-02-22
CUS0002891,tier_2,Farafenni,2024-09-27
CUS0002892,tier_2,Banjul,2024-12-30
CUS0002893,tier_2,Abuja,2024-04-28
CUS0002894,tier_3,Brikama,2025-11-17
CUS0002895,tier_1,Lagos,2023-08-19
CUS0002896,tier_2,Lagos,2023-10-22
CUS0002897,tier_1,Ibadan,2024-05-31
CUS0002898,tier_1,Farafenni,2022-12-05
CUS0002899,tier_1,Brikama,2024-03-09
CUS0002900,tier_2,Port Harcourt,2025-09-12
CUS0002901,tier_2,Basse,2023-06-08
CUS0002902,tier_2,Port Harcourt,2025-03-25
CUS0002903,tier_1,Kano,2024-05-14
CUS0002904,tier_2,Farafenni,2024-10-11
CUS0002905,tier_2,Farafenni,2025-12-13
CUS0002906,tier_1,Port Harcourt,2025-06-06
CUS0002907,tier_2,Brikama,2023-11-21
CUS0002908,tier_3,Abuja,2025-01-21
CUS0002909,tier_3,Kanifing,2024-01-03
CUS0002910,tier_3,Brikama,2025-09-15
CUS0002911,tier_1,Ibadan,2024-02-07
CUS0002912,tier_2,Brikama,2023-09-26
CUS0002913,tier_1,Kanifing,2024-08-25
CUS0002914,tier_1,Basse,2025-01-12
CUS0002915,tier_2,Abuja,2025-07-01
CUS0002916,tier_2,Abuja,2024-06-16
CUS0002917,tier_2,Kano,2023-12-10
CUS0002918,tier_1,Kanifing,2025-07-15
CUS0002919,tier_1,Ibadan,2024-09-27
CUS0002920,tier_1,Port Harcourt,2022-10-16
CUS0002921,tier_1,Kanifing,2024-12-26
CUS0002922,tier_1,Abuja,2024-04-29
CUS0002923,tier_2,Kanifing,2024-03-05
CUS0002924,tier_1,Ibadan,2024-12-18
CUS0002925,tier_1,Banjul,2023-10-17
CUS0002926,tier_2,Ibadan,2023-01-11
CUS0002927,tier_1,Ibadan,2022-09-21
CUS0002928,tier_1,Kanifing,2024-11-02
CUS0002929,tier_3,Kanifing,2024-12-26
CUS0002930,tier_2,Brikama,2025-12-21
CUS0002931,tier_2,Lagos,2025-04-24
CUS0002932,tier_1,Port Harcourt,2024-11-04
CUS0002933,tier_2,Kanifing,2022-11-06
CUS0002934,tier_1,Banjul,2025-07-11
CUS0002935,tier_3,Ibadan,2024-04-29
CUS0002936,tier_1,Ibadan,2025-01-14
CUS0002937,tier_1,Banjul,2024-08-10
CUS0002938,tier_1,Ibadan,2024-05-10
CUS0002939,tier_2,Kano,2025-03-20
CUS0002940,tier_2,Lagos,2023-01-26
CUS0002941,tier_3,Lagos,2022-12-25
CUS0002942,tier_1,Kanifing,2025-10-01
CUS0002943,tier_1,Farafenni,2025-03-16
CUS0002944,tier_1,Farafenni,2025-04-01
CUS0002945,tier_2,Farafenni,2023-12-27
CUS0002946,tier_1,Port Harcourt,2023-08-20
CUS0002947,tier_1,Basse,2024-07-16
CUS0002948,tier_1,Brikama,2023-10-04
CUS0002949,tier_1,Basse,2023-08-13
CUS0002950,tier_3,Brikama,2022-12-30
CUS0002951,tier_1,Basse,2024-12-02
CUS0002952,tier_2,Port Harcourt,2023-02-18
CUS0002953,tier_2,Abuja,2025-02-20
CUS0002954,tier_1,Abuja,2023-11-16
CUS0002955,tier_1,Port Harcourt,2024-08-12
CUS0002956,tier_1,Kanifing,2023-01-08
CUS0002957,tier_1,Ibadan,2023-09-20
CUS0002958,tier_1,Kanifing,2023-12-19
CUS0002959,tier_3,Basse,2025-03-07
CUS0002960,tier_2,Farafenni,2024-06-19
CUS0002961,tier_1,Abuja,2024-10-02
CUS0002962,tier_1,Kanifing,2025-04-23
CUS0002963,tier_1,Basse,2023-04-04
CUS0002964,tier_1,Lagos,2022-10-17
CUS0002965,tier_2,Ibadan,2024-06-24
CUS0002966,tier_2,Banjul,2025-01-16
CUS0002967,tier_1,Abuja,2024-12-26
CUS0002968,tier_1,Ibadan,2022-11-28
CUS0002969,tier_2,Abuja,2023-04-30
CUS0002970,tier_2,Basse,2025-12-12
CUS0002971,tier_2,Brikama,2025-04-17
CUS0002972,tier_1,Port Harcourt,2024-07-02
CUS0002973,tier_1,Lagos,2024-08-08
CUS0002974,tier_2,Abuja,2023-06-08
CUS0002975,tier_1,Lagos,2023-05-17
CUS0002976,tier_1,Basse,2023-08-08
CUS0002977,tier_1,Farafenni,2024-04-15
CUS0002978,tier_2,Kanifing,2024-04-15
CUS0002979,tier_1,Lagos,2025-06-30
CUS0002980,tier_2,Kanifing,2024-08-27
CUS0002981,tier_3,Brikama,2022-10-10
CUS0002982,tier_1,Basse,2022-11-23
CUS0002983,tier_3,Banjul,2023-08-16
CUS0002984,tier_2,Brikama,2023-04-24
CUS0002985,tier_1,Ibadan,2025-04-20
CUS0002986,tier_1,Port Harcourt,2024-12-07
CUS0002987,tier_3,Banjul,2023-08-14
CUS0002988,tier_2,Lagos,2024-08-18
CUS0002989,tier_3,Ibadan,2025-10-06
CUS0002990,tier_2,Brikama,2023-01-24
CUS0002991,tier_3,Brikama,2025-07-31
CUS0002992,tier_1,Brikama,2023-02-13
CUS0002993,tier_1,Banjul,2023-08-19
CUS0002994,tier_1,Brikama,2023-11-28
CUS0002995,tier_3,Lagos,2024-08-07
CUS0002996,tier_2,Kanifing,2024-05-16
CUS0002997,tier_1,Basse,2024-07-07
CUS0002998,tier_1,Port Harcourt,2023-10-17
CUS0002999,tier_1,Basse,2023-02-10
CUS0003000,tier_2,Banjul,2023-05-28
CUS0003001,tier_2,Kano,2025-09-05
CUS0003002,tier_1,Port Harcourt,2023-06-03
CUS0003003,tier_1,Lagos,2025-05-26
CUS0003004,tier_1,Brikama,2023-09-30
CUS0003005,tier_1,Kanifing,2023-08-02
CUS0003006,tier_1,Kanifing,2023-01-13
CUS0003007,tier_1,Brikama,2023-09-12
CUS0003008,tier_1,Kano,2025-12-17
CUS0003009,tier_1,Basse,2024-09-24
CUS0003010,tier_1,Lagos,2024-04-28
CUS0003011,tier_1,Brikama,2022-12-29
CUS0003012,tier_2,Kanifing,2023-07-17
CUS0003013,tier_2,Kano,2025-02-03
CUS0003014,tier_1,Abuja,2025-12-20
CUS0003015,tier_1,Farafenni,2025-05-19
CUS0003016,tier_1,Banjul,2025-04-02
CUS0003017,tier_1,Lagos,2025-10-28
CUS0003018,tier_1,Farafenni,2023-04-25
CUS0003019,tier_3,Basse,2025-05-02
CUS0003020,tier_1,Ibadan,2023-03-23
CUS0003021,tier_2,Brikama,2024-03-06
CUS0003022,tier_2,Abuja,2023-03-10
CUS0003023,tier_2,Abuja,2025-04-06
CUS0003024,tier_1,Kanifing,2025-11-18
CUS0003025,tier_1,Lagos,2023-03-13
CUS0003026,tier_1,Farafenni,2025-09-16
CUS0003027,tier_2,Lagos,2023-08-05
CUS0003028,tier_3,Banjul,2023-07-26
CUS0003029,tier_1,Basse,2023-04-11
CUS0003030,tier_1,Abuja,2024-08-11
CUS0003031,tier_2,Ibadan,2024-12-14
CUS0003032,tier_1,Kanifing,2024-07-10
CUS0003033,tier_3,Farafenni,2023-08-06
CUS0003034,tier_1,Kanifing,2023-03-09
CUS0003035,tier_2,Farafenni,2025-03-02
CUS0003036,tier_1,Brikama,2023-10-02
CUS0003037,tier_1,Farafenni,2025-03-07
CUS0003038,tier_1,Port Harcourt,2024-11-18
CUS0003039,tier_1,Banjul,2023-11-14
CUS0003040,tier_1,Basse,2024-09-14
CUS0003041,tier_1,Abuja,2023-04-25
CUS0003042,tier_1,Abuja,2025-09-17
CUS0003043,tier_1,Basse,2023-12-18
CUS0003044,tier_1,Lagos,2023-08-28
CUS0003045,tier_1,Banjul,2024-12-24
CUS0003046,tier_1,Banjul,2024-03-13
CUS0003047,tier_1,Kano,2024-06-06
CUS0003048,tier_3,Kanifing,2023-08-02
CUS0003049,tier_1,Kano,2023-12-18
CUS0003050,tier_1,Kanifing,2025-06-16
CUS0003051,tier_2,Ibadan,2025-04-09
CUS0003052,tier_1,Lagos,2023-01-13
CUS0003053,tier_2,Farafenni,2024-06-14
CUS0003054,tier_1,Abuja,2025-07-06
CUS0003055,tier_2,Brikama,2025-04-29
CUS0003056,tier_1,Farafenni,2024-12-01
CUS0003057,tier_2,Kanifing,2025-07-31
CUS0003058,tier_3,Port Harcourt,2024-01-29
CUS0003059,tier_1,Kano,2024-11-13
CUS0003060,tier_1,Brikama,2025-10-03
CUS0003061,tier_1,Abuja,2022-11-30
CUS0003062,tier_2,Ibadan,2024-01-20
CUS0003063,tier_2,Kano,2025-05-05
CUS0003064,tier_3,Kanifing,2023-04-18
CUS0003065,tier_1,Ibadan,2025-11-17
CUS0003066,tier_1,Basse,2025-04-11
CUS0003067,tier_1,Port Harcourt,2025-08-29
CUS0003068,tier_2,Farafenni,2023-10-09
CUS0003069,tier_1,Ibadan,2023-02-14
CUS0003070,tier_3,Brikama,2023-07-19
CUS0003071,tier_2,Abuja,2022-11-06
CUS0003072,tier_2,Abuja,2024-06-23
CUS0003073,tier_1,Banjul,2025-02-07
CUS0003074,tier_2,Port Harcourt,2025-12-13
CUS0003075,tier_2,Ibadan,2023-06-13
CUS0003076,tier_1,Ibadan,2024-07-19
CUS0003077,tier_1,Farafenni,2024-05-04
CUS0003078,tier_2,Ibadan,2025-05-02
CUS0003079,tier_1,Banjul,2023-01-04
CUS0003080,tier_1,Banjul,2025-03-03
CUS0003081,tier_3,Basse,2025-04-03
CUS0003082,tier_1,Banjul,2024-08-09
CUS0003083,tier_3,Farafenni,2023-01-02
CUS0003084,tier_1,Lagos,2023-12-07
CUS0003085,tier_1,Ibadan,2024-07-09
CUS0003086,tier_2,Abuja,2024-05-07
CUS0003087,tier_1,Banjul,2025-12-10
CUS0003088,tier_2,Farafenni,2024-06-07
CUS0003089,tier_1,Banjul,2022-12-27
CUS0003090,tier_2,Port Harcourt,2025-05-28
CUS0003091,tier_2,Abuja,2024-07-22
CUS0003092,tier_2,Port Harcourt,2022-11-29
CUS0003093,tier_1,Kano,2024-10-06
CUS0003094,tier_1,Farafenni,2022-09-27
CUS0003095,tier_2,Abuja,2025-02-16
CUS0003096,tier_1,Abuja,2023-12-08
CUS0003097,tier_1,Kano,2025-06-23
CUS0003098,tier_1,Kano,2024-12-18
CUS0003099,tier_2,Brikama,2024-12-10
CUS0003100,tier_2,Brikama,2024-06-02
CUS0003101,tier_1,Brikama,2025-01-02
CUS0003102,tier_2,Port Harcourt,2024-12-12
CUS0003103,tier_1,Kanifing,2023-08-11
CUS0003104,tier_1,Abuja,2025-06-09
CUS0003105,tier_2,Brikama,2025-12-07
CUS0003106,tier_2,Abuja,2023-11-06
CUS0003107,tier_1,Banjul,2025-10-03
CUS0003108,tier_1,Kanifing,2024-07-01
CUS0003109,tier_1,Port Harcourt,2025-12-04
CUS0003110,tier_2,Banjul,2025-05-28
CUS0003111,tier_1,Lagos,2025-07-10
CUS0003112,tier_1,Kano,2022-11-05
CUS0003113,tier_2,Brikama,2024-04-11
CUS0003114,tier_1,Brikama,2024-08-19
CUS0003115,tier_1,Basse,2022-12-14
CUS0003116,tier_1,Banjul,2025-06-04
CUS0003117,tier_1,Kanifing,2023-02-18
CUS0003118,tier_2,Abuja,2025-03-16
CUS0003119,tier_1,Farafenni,2025-11-12
CUS0003120,tier_1,Abuja,2025-03-05
CUS0003121,tier_1,Basse,2024-09-25
CUS0003122,tier_3,Abuja,2025-05-15
CUS0003123,tier_1,Kanifing,2024-09-28
CUS0003124,tier_1,Basse,2023-12-31
CUS0003125,tier_1,Lagos,2025-05-03
CUS0003126,tier_1,Kanifing,2025-10-04
CUS0003127,tier_2,Brikama,2023-08-07
CUS0003128,tier_1,Port Harcourt,2024-12-25
CUS0003129,tier_2,Brikama,2024-04-23
CUS0003130,tier_2,Basse,2024-01-18
CUS0003131,tier_2,Basse,2023-03-15
CUS0003132,tier_2,Basse,2025-07-28
CUS0003133,tier_2,Brikama,2025-03-06
CUS0003134,tier_1,Abuja,2023-07-01
CUS0003135,tier_2,Kano,2025-08-16
CUS0003136,tier_1,Abuja,2024-06-09
CUS0003137,tier_1,Lagos,2025-04-14
CUS0003138,tier_1,Abuja,2024-01-09
CUS0003139,tier_1,Abuja,2023-04-21
CUS0003140,tier_2,Abuja,2024-02-18
CUS0003141,tier_1,Farafenni,2023-11-08
CUS0003142,tier_1,Kano,2022-12-24
CUS0003143,tier_1,Ibadan,2022-12-29
CUS0003144,tier_2,Abuja,2025-07-13
CUS0003145,tier_2,Abuja,2023-01-17
CUS0003146,tier_2,Farafenni,2025-07-06
CUS0003147,tier_1,Banjul,2024-11-10
CUS0003148,tier_3,Banjul,2023-12-20
CUS0003149,tier_2,Brikama,2025-05-20
CUS0003150,tier_1,Lagos,2023-12-23
CUS0003151,tier_2,Brikama,2024-05-07
CUS0003152,tier_1,Ibadan,2023-08-22
CUS0003153,tier_1,Farafenni,2025-09-08
CUS0003154,tier_2,Kanifing,2025-03-13
CUS0003155,tier_1,Banjul,2023-08-15
CUS0003156,tier_1,Kanifing,2022-09-27
CUS0003157,tier_1,Port Harcourt,2025-02-11
CUS0003158,tier_1,Lagos,2025-03-17
CUS0003159,tier_1,Kanifing,2025-12-06
CUS0003160,tier_2,Abuja,2025-02-28
CUS0003161,tier_2,Kano,2025-03-20
CUS0003162,tier_2,Basse,2023-05-14
CUS0003163,tier_1,Lagos,2023-07-06
CUS0003164,tier_2,Banjul,2024-05-23
CUS0003165,tier_1,Banjul,2025-10-27
CUS0003166,tier_2,Brikama,2023-03-07
CUS0003167,tier_1,Abuja,2023-08-17
CUS0003168,tier_2,Kano,2022-11-23
CUS0003169,tier_2,Basse,2022-10-17
CUS0003170,tier_1,Farafenni,2023-08-17
CUS0003171,tier_3,Basse,2025-06-26
CUS0003172,tier_1,Brikama,2024-10-24
CUS0003173,tier_1,Banjul,2024-10-09
CUS0003174,tier_1,Ibadan,2025-07-26
CUS0003175,tier_2,Kano,2023-04-29
CUS0003176,tier_1,Abuja,2023-11-13
CUS0003177,tier_1,Lagos,2023-08-16
CUS0003178,tier_1,Kanifing,2025-06-01
CUS0003179,tier_1,Port Harcourt,2024-02-13
CUS0003180,tier_1,Basse,2025-02-01
CUS0003181,tier_1,Kanifing,2024-10-24
CUS0003182,tier_2,Basse,2024-12-12
CUS0003183,tier_2,Banjul,2024-08-26
CUS0003184,tier_1,Port Harcourt,2022-11-01
CUS0003185,tier_1,Kano,2025-09-29
CUS0003186,tier_1,Kanifing,2024-04-08
CUS0003187,tier_1,Lagos,2024-06-01
CUS0003188,tier_3,Ibadan,2024-11-27
CUS0003189,tier_1,Abuja,2024-01-03
CUS0003190,tier_3,Kanifing,2024-02-22
CUS0003191,tier_1,Ibadan,2025-06-08
CUS0003192,tier_1,Brikama,2025-11-13
CUS0003193,tier_2,Abuja,2023-04-30
CUS0003194,tier_2,Banjul,2024-05-16
CUS0003195,tier_1,Kano,2025-07-23
CUS0003196,tier_2,Kanifing,2024-09-13
CUS0003197,tier_2,Brikama,2025-02-05
CUS0003198,tier_3,Ibadan,2023-02-08
CUS0003199,tier_3,Port Harcourt,2023-01-25
CUS0003200,tier_3,Lagos,2023-06-29
CUS0003201,tier_2,Lagos,2024-05-15
CUS0003202,tier_1,Abuja,2025-10-11
CUS0003203,tier_2,Abuja,2024-08-29
CUS0003204,tier_1,Port Harcourt,2025-07-31
CUS0003205,tier_3,Port Harcourt,2023-03-19
CUS0003206,tier_1,Banjul,2025-03-14
CUS0003207,tier_2,Basse,2022-12-07
CUS0003208,tier_2,Kanifing,2023-03-16
CUS0003209,tier_1,Lagos,2025-01-18
CUS0003210,tier_3,Brikama,2025-08-14
CUS0003211,tier_1,Lagos,2024-01-08
CUS0003212,tier_1,Brikama,2023-06-02
CUS0003213,tier_1,Kano,2024-07-25
CUS0003214,tier_2,Kano,2025-03-19
CUS0003215,tier_3,Port Harcourt,2023-04-07
CUS0003216,tier_1,Basse,2023-10-02
CUS0003217,tier_1,Port Harcourt,2025-04-11
CUS0003218,tier_1,Ibadan,2024-03-29
CUS0003219,tier_1,Abuja,2023-03-01
CUS0003220,tier_1,Banjul,2025-09-06
CUS0003221,tier_2,Farafenni,2022-11-09
CUS0003222,tier_1,Kanifing,2024-05-15
CUS0003223,tier_1,Port Harcourt,2023-10-06
CUS0003224,tier_2,Farafenni,2023-10-28
CUS0003225,tier_2,Kanifing,2024-01-17
CUS0003226,tier_1,Ibadan,2023-05-24
CUS0003227,tier_1,Brikama,2025-05-24
CUS0003228,tier_3,Abuja,2023-07-28
CUS0003229,tier_1,Lagos,2025-08-21
CUS0003230,tier_1,Port Harcourt,2023-04-11
CUS0003231,tier_1,Kano,2025-05-11
CUS0003232,tier_1,Banjul,2022-12-11
CUS0003233,tier_1,Kano,2025-03-08
CUS0003234,tier_2,Lagos,2022-10-25
CUS0003235,tier_1,Port Harcourt,2023-11-14
CUS0003236,tier_1,Lagos,2023-08-04
CUS0003237,tier_3,Farafenni,2025-09-12
CUS0003238,tier_1,Banjul,2023-08-18
CUS0003239,tier_1,Brikama,2025-07-13
CUS0003240,tier_1,Basse,2023-09-24
CUS0003241,tier_1,Kano,2023-08-25
CUS0003242,tier_1,Basse,2024-12-20
CUS0003243,tier_2,Kanifing,2023-08-07
CUS0003244,tier_1,Basse,2025-01-29
CUS0003245,tier_1,Abuja,2023-04-20
CUS0003246,tier_1,Brikama,2023-07-21
CUS0003247,tier_1,Port Harcourt,2023-10-27
CUS0003248,tier_2,Ibadan,2024-11-20
CUS0003249,tier_1,Port Harcourt,2025-03-10
CUS0003250,tier_1,Lagos,2025-12-02
CUS0003251,tier_1,Kano,2025-03-04
CUS0003252,tier_1,Lagos,2025-05-13
CUS0003253,tier_2,Abuja,2024-07-11
CUS0003254,tier_1,Banjul,2023-06-23
CUS0003255,tier_3,Brikama,2023-06-25
CUS0003256,tier_2,Port Harcourt,2025-06-15
CUS0003257,tier_1,Farafenni,2023-08-24
CUS0003258,tier_2,Brikama,2023-11-19
CUS0003259,tier_1,Farafenni,2024-12-05
CUS0003260,tier_3,Port Harcourt,2025-12-02
CUS0003261,tier_1,Lagos,2025-11-28
CUS0003262,tier_1,Basse,2023-03-09
CUS0003263,tier_2,Kanifing,2023-03-15
CUS0003264,tier_2,Kano,2023-09-06
CUS0003265,tier_1,Lagos,2022-12-17
CUS0003266,tier_1,Lagos,2025-05-13
CUS0003267,tier_3,Kano,2023-08-07
CUS0003268,tier_1,Ibadan,2025-02-01
CUS0003269,tier_1,Abuja,2024-05-27
CUS0003270,tier_2,Abuja,2024-05-30
CUS0003271,tier_2,Kanifing,2025-07-05
CUS0003272,tier_2,Kanifing,2025-07-01
CUS0003273,tier_2,Port Harcourt,2023-09-11
CUS0003274,tier_1,Port Harcourt,2022-12-12
CUS0003275,tier_1,Kano,2023-03-07
CUS0003276,tier_2,Banjul,2024-05-17
CUS0003277,tier_2,Farafenni,2024-10-01
CUS0003278,tier_2,Ibadan,2023-11-12
CUS0003279,tier_1,Kano,2025-04-21
CUS0003280,tier_1,Kano,2023-09-08
CUS0003281,tier_3,Abuja,2025-12-16
CUS0003282,tier_3,Farafenni,2023-02-26
CUS0003283,tier_1,Basse,2024-04-11
CUS0003284,tier_2,Abuja,2024-08-24
CUS0003285,tier_1,Abuja,2025-10-26
CUS0003286,tier_1,Brikama,2023-11-26
CUS0003287,tier_2,Ibadan,2024-03-21
CUS0003288,tier_1,Port Harcourt,2023-08-04
CUS0003289,tier_1,Abuja,2024-12-02
CUS0003290,tier_2,Abuja,2025-09-17
CUS0003291,tier_2,Port Harcourt,2023-08-06
CUS0003292,tier_1,Abuja,2025-01-10
CUS0003293,tier_1,Lagos,2023-02-06
CUS0003294,tier_1,Farafenni,2025-06-11
CUS0003295,tier_2,Brikama,2023-03-05
CUS0003296,tier_1,Port Harcourt,2023-10-21
CUS0003297,tier_2,Basse,2022-11-25
CUS0003298,tier_1,Lagos,2024-11-09
CUS0003299,tier_1,Banjul,2023-07-20
CUS0003300,tier_1,Port Harcourt,2025-02-21
CUS0003301,tier_1,Ibadan,2025-07-23
CUS0003302,tier_2,Banjul,2025-04-08
CUS0003303,tier_3,Lagos,2024-12-14
CUS0003304,tier_1,Farafenni,2024-05-02
CUS0003305,tier_1,Farafenni,2023-11-18
CUS0003306,tier_2,Banjul,2024-06-16
CUS0003307,tier_1,Brikama,2025-11-14
CUS0003308,tier_2,Port Harcourt,2025-06-03
CUS0003309,tier_1,Port Harcourt,2025-04-24
CUS0003310,tier_1,Basse,2024-07-13
CUS0003311,tier_2,Kanifing,2025-07-26
CUS0003312,tier_1,Lagos,2024-11-01
CUS0003313,tier_1,Kano,2025-11-17
CUS0003314,tier_1,Kano,2025-07-28
CUS0003315,tier_1,Abuja,2023-11-24
CUS0003316,tier_2,Kano,2025-02-05
CUS0003317,tier_1,Banjul,2024-12-31
CUS0003318,tier_2,Port Harcourt,2025-10-28
CUS0003319,tier_1,Lagos,2024-01-21
CUS0003320,tier_1,Port Harcourt,2022-12-08
CUS0003321,tier_1,Ibadan,2024-07-28
CUS0003322,tier_3,Farafenni,2025-11-01
CUS0003323,tier_1,Ibadan,2023-02-17
CUS0003324,tier_2,Farafenni,2023-12-15
CUS0003325,tier_1,Farafenni,2025-11-01
CUS0003326,tier_1,Farafenni,2025-07-14
CUS0003327,tier_2,Brikama,2024-07-01
CUS0003328,tier_1,Farafenni,2025-06-26
CUS0003329,tier_1,Ibadan,2024-05-08
CUS0003330,tier_1,Kano,2023-07-22
CUS0003331,tier_1,Abuja,2024-12-01
CUS0003332,tier_1,Farafenni,2024-06-04
CUS0003333,tier_3,Kanifing,2022-09-23
CUS0003334,tier_2,Port Harcourt,2024-04-02
CUS0003335,tier_1,Farafenni,2023-04-07
CUS0003336,tier_1,Kano,2023-08-17
CUS0003337,tier_2,Basse,2024-03-19
CUS0003338,tier_2,Port Harcourt,2023-11-08
CUS0003339,tier_1,Port Harcourt,2024-01-09
CUS0003340,tier_1,Kanifing,2023-06-25
CUS0003341,tier_1,Banjul,2023-02-18
CUS0003342,tier_1,Abuja,2024-05-09
CUS0003343,tier_2,Ibadan,2024-01-10
CUS0003344,tier_1,Kanifing,2024-12-28
CUS0003345,tier_2,Abuja,2024-12-16
CUS0003346,tier_1,Kanifing,2024-10-17
CUS0003347,tier_2,Lagos,2025-03-09
CUS0003348,tier_2,Kanifing,2025-12-12
CUS0003349,tier_1,Banjul,2024-02-27
CUS0003350,tier_1,Port Harcourt,2024-03-13
CUS0003351,tier_2,Ibadan,2025-08-18
CUS0003352,tier_1,Port Harcourt,2024-10-23
CUS0003353,tier_1,Kanifing,2022-11-09
CUS0003354,tier_1,Port Harcourt,2025-07-31
CUS0003355,tier_2,Abuja,2023-07-24
CUS0003356,tier_1,Lagos,2024-11-21
CUS0003357,tier_1,Kano,2023-03-16
CUS0003358,tier_1,Basse,2023-08-22
CUS0003359,tier_1,Kano,2025-01-15
CUS0003360,tier_2,Port Harcourt,2023-11-08
CUS0003361,tier_1,Banjul,2024-05-27
CUS0003362,tier_1,Port Harcourt,2025-12-22
CUS0003363,tier_3,Basse,2025-04-07
CUS0003364,tier_2,Abuja,2025-10-17
CUS0003365,tier_2,Ibadan,2025-10-12
CUS0003366,tier_1,Banjul,2025-08-11
CUS0003367,tier_1,Abuja,2024-04-24
CUS0003368,tier_1,Lagos,2023-10-04
CUS0003369,tier_1,Lagos,2023-03-26
CUS0003370,tier_2,Abuja,2024-04-29
CUS0003371,tier_2,Kano,2023-03-27
CUS0003372,tier_2,Kanifing,2023-11-27
CUS0003373,tier_3,Kanifing,2025-11-02
CUS0003374,tier_1,Banjul,2025-03-22
CUS0003375,tier_1,Lagos,2023-07-23
CUS0003376,tier_1,Kanifing,2024-12-05
CUS0003377,tier_2,Lagos,2022-12-27
CUS0003378,tier_3,Banjul,2024-07-18
CUS0003379,tier_2,Banjul,2025-05-19
CUS0003380,tier_1,Basse,2025-07-31
CUS0003381,tier_1,Port Harcourt,2023-11-15
CUS0003382,tier_1,Brikama,2025-03-24
CUS0003383,tier_2,Kanifing,2025-04-17
CUS0003384,tier_1,Brikama,2022-09-22
CUS0003385,tier_2,Abuja,2023-06-30
CUS0003386,tier_2,Ibadan,2023-01-16
CUS0003387,tier_1,Kano,2023-04-03
CUS0003388,tier_3,Lagos,2023-04-18
CUS0003389,tier_1,Basse,2024-05-04
CUS0003390,tier_2,Lagos,2022-11-14
CUS0003391,tier_2,Farafenni,2024-11-05
CUS0003392,tier_2,Kanifing,2023-03-25
CUS0003393,tier_1,Banjul,2024-10-15
CUS0003394,tier_1,Abuja,2024-12-12
CUS0003395,tier_1,Lagos,2024-10-30
CUS0003396,tier_2,Ibadan,2023-02-13
CUS0003397,tier_2,Basse,2023-06-16
CUS0003398,tier_2,Ibadan,2025-05-29
CUS0003399,tier_3,Farafenni,2023-12-18
CUS0003400,tier_1,Kano,2023-02-14
CUS0003401,tier_1,Abuja,2024-12-12
CUS0003402,tier_1,Abuja,2025-01-29
CUS0003403,tier_2,Port Harcourt,2025-06-05
CUS0003404,tier_1,Kanifing,2025-05-20
CUS0003405,tier_1,Kano,2024-12-13
CUS0003406,tier_1,Kano,2023-01-09
CUS0003407,tier_1,Basse,2025-05-03
CUS0003408,tier_3,Kanifing,2024-01-06
CUS0003409,tier_1,Brikama,2023-10-11
CUS0003410,tier_1,Ibadan,2024-02-17
CUS0003411,tier_1,Basse,2023-12-05
CUS0003412,tier_1,Abuja,2023-08-19
CUS0003413,tier_1,Farafenni,2023-09-29
CUS0003414,tier_1,Basse,2023-01-12
CUS0003415,tier_2,Ibadan,2023-07-28
CUS0003416,tier_1,Banjul,2024-08-09
CUS0003417,tier_3,Farafenni,2025-05-10
CUS0003418,tier_1,Banjul,2022-10-10
CUS0003419,tier_1,Kanifing,2023-01-07
CUS0003420,tier_1,Farafenni,2023-09-25
CUS0003421,tier_1,Kanifing,2024-10-07
CUS0003422,tier_2,Basse,2023-03-23
CUS0003423,tier_1,Farafenni,2024-01-20
CUS0003424,tier_2,Port Harcourt,2024-05-21
CUS0003425,tier_2,Kanifing,2024-12-17
CUS0003426,tier_1,Port Harcourt,2023-04-30
CUS0003427,tier_2,Farafenni,2025-01-17
CUS0003428,tier_1,Kanifing,2025-01-24
CUS0003429,tier_1,Kano,2025-03-16
CUS0003430,tier_3,Kano,2023-08-08
CUS0003431,tier_1,Brikama,2024-07-09
CUS0003432,tier_2,Brikama,2025-12-12
CUS0003433,tier_2,Kano,2022-09-24
CUS0003434,tier_1,Farafenni,2023-05-09
CUS0003435,tier_1,Banjul,2022-10-27
CUS0003436,tier_2,Basse,2024-09-20
CUS0003437,tier_1,Brikama,2025-03-06
CUS0003438,tier_2,Kanifing,2024-04-17
CUS0003439,tier_2,Lagos,2023-06-19
CUS0003440,tier_1,Lagos,2022-12-10
CUS0003441,tier_1,Kano,2024-07-30
CUS0003442,tier_1,Banjul,2024-01-09
CUS0003443,tier_1,Lagos,2023-02-05
CUS0003444,tier_2,Port Harcourt,2023-04-15
CUS0003445,tier_1,Ibadan,2025-11-19
CUS0003446,tier_1,Abuja,2024-10-06
CUS0003447,tier_2,Brikama,2023-12-31
CUS0003448,tier_1,Farafenni,2022-10-06
CUS0003449,tier_2,Abuja,2023-12-26
CUS0003450,tier_1,Kanifing,2024-11-30
CUS0003451,tier_3,Abuja,2025-05-24
CUS0003452,tier_3,Ibadan,2023-06-25
CUS0003453,tier_3,Ibadan,2025-01-07
CUS0003454,tier_1,Lagos,2024-02-22
CUS0003455,tier_1,Abuja,2024-06-14
CUS0003456,tier_1,Banjul,2022-10-02
CUS0003457,tier_1,Lagos,2025-04-24
CUS0003458,tier_1,Kano,2022-10-28
CUS0003459,tier_3,Lagos,2024-05-20
CUS0003460,tier_1,Banjul,2023-03-16
CUS0003461,tier_3,Brikama,2023-05-21
CUS0003462,tier_2,Ibadan,2024-05-17
CUS0003463,tier_2,Brikama,2024-04-19
CUS0003464,tier_1,Kanifing,2024-05-07
CUS0003465,tier_1,Banjul,2024-10-12
CUS0003466,tier_1,Port Harcourt,2025-04-23
CUS0003467,tier_1,Basse,2025-12-21
CUS0003468,tier_1,Banjul,2025-09-20
CUS0003469,tier_1,Lagos,2024-05-30
CUS0003470,tier_2,Ibadan,2022-11-09
CUS0003471,tier_1,Kanifing,2024-06-25
CUS0003472,tier_1,Farafenni,2023-07-31
CUS0003473,tier_2,Kanifing,2024-05-15
CUS0003474,tier_1,Kano,2024-01-05
CUS0003475,tier_1,Abuja,2023-08-19
CUS0003476,tier_1,Kanifing,2024-07-14
CUS0003477,tier_3,Port Harcourt,2024-04-04
CUS0003478,tier_1,Abuja,2024-03-11
CUS0003479,tier_2,Brikama,2024-11-18
CUS0003480,tier_1,Abuja,2022-11-22
CUS0003481,tier_1,Basse,2025-07-09
CUS0003482,tier_1,Kano,2022-12-10
CUS0003483,tier_1,Abuja,2025-06-18
CUS0003484,tier_1,Kano,2024-03-30
CUS0003485,tier_1,Lagos,2023-05-17
CUS0003486,tier_1,Kano,2023-08-23
CUS0003487,tier_3,Kano,2025-11-05
CUS0003488,tier_3,Banjul,2023-08-22
CUS0003489,tier_1,Brikama,2024-04-21
CUS0003490,tier_2,Port Harcourt,2023-02-17
CUS0003491,tier_1,Port Harcourt,2022-12-15
CUS0003492,tier_2,Basse,2025-09-13
CUS0003493,tier_2,Abuja,2025-04-18
CUS0003494,tier_1,Banjul,2023-05-29
CUS0003495,tier_2,Ibadan,2023-06-03
CUS0003496,tier_2,Kanifing,2025-09-10
CUS0003497,tier_1,Kanifing,2024-02-18
CUS0003498,tier_2,Basse,2022-10-30
CUS0003499,tier_1,Lagos,2025-08-29
CUS0003500,tier_1,Port Harcourt,2023-02-19
CUS0003501,tier_2,Banjul,2024-11-07
CUS0003502,tier_1,Ibadan,2023-03-23
CUS0003503,tier_1,Brikama,2024-04-24
CUS0003504,tier_2,Banjul,2023-04-13
CUS0003505,tier_2,Farafenni,2025-05-11
CUS0003506,tier_1,Brikama,2025-04-28
CUS0003507,tier_1,Farafenni,2024-11-08
CUS0003508,tier_1,Banjul,2023-03-02
CUS0003509,tier_1,Banjul,2025-04-26
CUS0003510,tier_1,Kano,2024-12-20
CUS0003511,tier_2,Ibadan,2024-07-16
CUS0003512,tier_2,Kano,2025-04-23
CUS0003513,tier_1,Banjul,2024-12-18
CUS0003514,tier_1,Farafenni,2025-01-16
CUS0003515,tier_1,Ibadan,2024-11-16
CUS0003516,tier_1,Basse,2024-05-18
CUS0003517,tier_2,Port Harcourt,2023-03-28
CUS0003518,tier_1,Basse,2023-10-22
CUS0003519,tier_1,Kanifing,2023-05-26
CUS0003520,tier_1,Abuja,2025-03-03
CUS0003521,tier_1,Kano,2025-04-29
CUS0003522,tier_2,Banjul,2022-09-30
CUS0003523,tier_1,Port Harcourt,2023-07-05
CUS0003524,tier_1,Lagos,2025-03-21
CUS0003525,tier_1,Kano,2024-06-12
CUS0003526,tier_1,Brikama,2023-12-30
CUS0003527,tier_1,Ibadan,2024-10-26
CUS0003528,tier_1,Ibadan,2023-10-24
CUS0003529,tier_1,Brikama,2025-02-24
CUS0003530,tier_1,Port Harcourt,2024-02-06
CUS0003531,tier_1,Brikama,2024-06-09
CUS0003532,tier_2,Basse,2023-10-17
CUS0003533,tier_1,Kano,2023-11-21
CUS0003534,tier_3,Port Harcourt,2024-12-27
CUS0003535,tier_2,Ibadan,2023-01-20
CUS0003536,tier_1,Lagos,2022-09-29
CUS0003537,tier_1,Port Harcourt,2023-09-27
CUS0003538,tier_1,Banjul,2025-02-09
CUS0003539,tier_1,Kanifing,2023-03-15
CUS0003540,tier_3,Kano,2024-03-09
CUS0003541,tier_2,Farafenni,2025-05-30
CUS0003542,tier_2,Brikama,2023-11-06
CUS0003543,tier_2,Abuja,2025-08-22
CUS0003544,tier_1,Basse,2025-05-11
CUS0003545,tier_1,Kanifing,2023-07-11
CUS0003546,tier_2,Port Harcourt,2025-11-01
CUS0003547,tier_3,Lagos,2025-05-25
CUS0003548,tier_2,Abuja,2025-04-03
CUS0003549,tier_3,Port Harcourt,2022-11-18
CUS0003550,tier_1,Basse,2023-04-01
CUS0003551,tier_1,Basse,2024-09-26
CUS0003552,tier_1,Brikama,2023-07-27
CUS0003553,tier_2,Farafenni,2025-07-08
CUS0003554,tier_2,Kanifing,2024-11-10
CUS0003555,tier_1,Brikama,2025-12-21
CUS0003556,tier_1,Abuja,2022-10-25
CUS0003557,tier_1,Kanifing,2024-02-03
CUS0003558,tier_1,Ibadan,2023-03-21
CUS0003559,tier_1,Farafenni,2022-10-20
CUS0003560,tier_2,Ibadan,2024-01-10
CUS0003561,tier_1,Ibadan,2025-03-24
CUS0003562,tier_2,Kano,2023-08-09
CUS0003563,tier_2,Kanifing,2022-10-23
CUS0003564,tier_1,Ibadan,2024-04-30
CUS0003565,tier_1,Kano,2024-09-15
CUS0003566,tier_1,Ibadan,2024-02-23
CUS0003567,tier_1,Basse,2024-08-04
CUS0003568,tier_1,Lagos,2025-08-14
CUS0003569,tier_2,Brikama,2024-05-21
CUS0003570,tier_1,Port Harcourt,2024-08-24
CUS0003571,tier_2,Port Harcourt,2023-03-13
CUS0003572,tier_1,Port Harcourt,2025-09-06
CUS0003573,tier_1,Kanifing,2022-09-25
CUS0003574,tier_1,Basse,2025-10-31
CUS0003575,tier_1,Abuja,2024-07-15
CUS0003576,tier_1,Banjul,2025-03-21
CUS0003577,tier_1,Lagos,2025-08-26
CUS0003578,tier_1,Kanifing,2022-11-03
CUS0003579,tier_3,Banjul,2024-01-23
CUS0003580,tier_3,Abuja,2025-07-19
CUS0003581,tier_2,Kano,2025-04-10
CUS0003582,tier_1,Banjul,2025-06-01
CUS0003583,tier_1,Ibadan,2024-09-26
CUS0003584,tier_2,Abuja,2023-04-28
CUS0003585,tier_1,Farafenni,2025-11-18
CUS0003586,tier_3,Banjul,2024-11-25
CUS0003587,tier_1,Abuja,2025-11-24
CUS0003588,tier_2,Banjul,2023-10-31
CUS0003589,tier_2,Brikama,2023-08-04
CUS0003590,tier_2,Ibadan,2025-03-24
CUS0003591,tier_1,Kanifing,2023-12-09
CUS0003592,tier_1,Lagos,2023-07-21
CUS0003593,tier_3,Farafenni,2024-09-12
CUS0003594,tier_1,Banjul,2024-09-22
CUS0003595,tier_1,Ibadan,2022-10-25
CUS0003596,tier_1,Banjul,2024-08-07
CUS0003597,tier_2,Kanifing,2025-09-06
CUS0003598,tier_1,Brikama,2024-06-01
CUS0003599,tier_1,Lagos,2024-08-18
CUS0003600,tier_3,Brikama,2023-10-09
CUS0003601,tier_1,Kanifing,2025-07-27
CUS0003602,tier_1,Ibadan,2024-11-05
CUS0003603,tier_1,Lagos,2024-10-06
CUS0003604,tier_1,Basse,2023-12-11
CUS0003605,tier_2,Basse,2024-08-18
CUS0003606,tier_1,Basse,2024-03-18
CUS0003607,tier_2,Ibadan,2025-06-01
CUS0003608,tier_1,Abuja,2023-04-11
CUS0003609,tier_1,Farafenni,2025-03-26
CUS0003610,tier_2,Ibadan,2024-09-15
CUS0003611,tier_1,Ibadan,2024-10-26
CUS0003612,tier_1,Brikama,2025-10-19
CUS0003613,tier_3,Kano,2023-06-16
CUS0003614,tier_3,Banjul,2023-03-16
CUS0003615,tier_2,Basse,2024-06-10
CUS0003616,tier_2,Basse,2025-07-11
CUS0003617,tier_1,Port Harcourt,2023-11-06
CUS0003618,tier_1,Abuja,2023-11-05
CUS0003619,tier_1,Farafenni,2024-11-05
CUS0003620,tier_1,Abuja,2023-01-06
CUS0003621,tier_1,Basse,2025-10-28
CUS0003622,tier_1,Lagos,2025-11-08
CUS0003623,tier_3,Lagos,2024-07-12
CUS0003624,tier_2,Port Harcourt,2024-10-14
CUS0003625,tier_2,Lagos,2023-07-27
CUS0003626,tier_2,Banjul,2025-05-22
CUS0003627,tier_2,Basse,2023-01-01
CUS0003628,tier_1,Port Harcourt,2022-10-25
CUS0003629,tier_2,Basse,2025-02-02
CUS0003630,tier_3,Kano,2024-08-31
CUS0003631,tier_1,Banjul,2024-06-05
CUS0003632,tier_2,Basse,2025-07-09
CUS0003633,tier_3,Ibadan,2024-05-05
CUS0003634,tier_1,Abuja,2025-10-13
CUS0003635,tier_2,Lagos,2024-06-29
CUS0003636,tier_2,Port Harcourt,2025-12-06
CUS0003637,tier_1,Port Harcourt,2024-03-14
CUS0003638,tier_2,Brikama,2023-07-07
CUS0003639,tier_1,Kano,2025-12-13
CUS0003640,tier_1,Lagos,2023-04-23
CUS0003641,tier_2,Ibadan,2024-10-11
CUS0003642,tier_1,Port Harcourt,2025-07-22
CUS0003643,tier_1,Port Harcourt,2022-11-28
CUS0003644,tier_1,Kanifing,2023-07-13
CUS0003645,tier_1,Basse,2024-07-18
CUS0003646,tier_2,Brikama,2024-09-22
CUS0003647,tier_2,Brikama,2025-09-21
CUS0003648,tier_1,Banjul,2024-12-19
CUS0003649,tier_2,Kano,2022-10-01
CUS0003650,tier_1,Ibadan,2024-09-21
CUS0003651,tier_1,Basse,2024-07-22
CUS0003652,tier_1,Lagos,2022-12-21
CUS0003653,tier_2,Port Harcourt,2024-09-07
CUS0003654,tier_1,Kanifing,2023-02-27
CUS0003655,tier_1,Ibadan,2025-07-26
CUS0003656,tier_1,Lagos,2022-10-20
CUS0003657,tier_1,Abuja,2025-08-07
CUS0003658,tier_2,Basse,2025-03-13
CUS0003659,tier_1,Port Harcourt,2023-12-25
CUS0003660,tier_1,Abuja,2023-11-25
CUS0003661,tier_1,Basse,2025-10-29
CUS0003662,tier_1,Banjul,2024-05-15
CUS0003663,tier_3,Port Harcourt,2025-11-09
CUS0003664,tier_1,Farafenni,2024-03-30
CUS0003665,tier_1,Ibadan,2022-09-28
CUS0003666,tier_2,Farafenni,2023-11-17
CUS0003667,tier_2,Banjul,2025-02-27
CUS0003668,tier_1,Kanifing,2025-07-26
CUS0003669,tier_3,Farafenni,2022-10-31
CUS0003670,tier_1,Port Harcourt,2022-12-05
CUS0003671,tier_2,Ibadan,2025-04-27
CUS0003672,tier_2,Ibadan,2025-09-17
CUS0003673,tier_2,Ibadan,2023-01-31
CUS0003674,tier_1,Basse,2024-11-27
CUS0003675,tier_2,Basse,2024-08-19
CUS0003676,tier_1,Lagos,2024-09-15
CUS0003677,tier_1,Kanifing,2024-08-25
CUS0003678,tier_1,Abuja,2023-12-21
CUS0003679,tier_1,Ibadan,2023-03-02
CUS0003680,tier_1,Lagos,2023-04-15
CUS0003681,tier_2,Kano,2023-08-27
CUS0003682,tier_1,Brikama,2022-12-26
CUS0003683,tier_1,Abuja,2022-09-21
CUS0003684,tier_2,Port Harcourt,2024-07-16
CUS0003685,tier_2,Lagos,2024-03-29
CUS0003686,tier_1,Abuja,2023-08-22
CUS0003687,tier_1,Brikama,2022-10-09
CUS0003688,tier_1,Farafenni,2024-12-28
CUS0003689,tier_2,Banjul,2025-01-24
CUS0003690,tier_1,Basse,2022-11-22
CUS0003691,tier_2,Kano,2025-06-08
CUS0003692,tier_1,Banjul,2023-08-01
CUS0003693,tier_1,Brikama,2025-08-04
CUS0003694,tier_1,Ibadan,2023-10-29
CUS0003695,tier_3,Lagos,2025-04-14
CUS0003696,tier_1,Ibadan,2024-08-24
CUS0003697,tier_2,Kanifing,2024-02-11
CUS0003698,tier_2,Lagos,2025-05-25
CUS0003699,tier_3,Banjul,2025-08-02
CUS0003700,tier_2,Lagos,2023-06-26
CUS0003701,tier_3,Kano,2023-07-23
CUS0003702,tier_1,Kano,2025-03-31
CUS0003703,tier_2,Port Harcourt,2023-02-22
CUS0003704,tier_1,Banjul,2023-12-05
CUS0003705,tier_2,Kano,2023-11-16
CUS0003706,tier_1,Brikama,2023-02-24
CUS0003707,tier_2,Basse,2025-06-16
CUS0003708,tier_1,Kano,2024-02-02
CUS0003709,tier_1,Ibadan,2023-01-21
CUS0003710,tier_2,Abuja,2024-05-26
CUS0003711,tier_1,Lagos,2024-12-31
CUS0003712,tier_3,Banjul,2024-10-26
CUS0003713,tier_1,Basse,2022-10-11
CUS0003714,tier_2,Lagos,2025-06-11
CUS0003715,tier_1,Brikama,2025-05-03
CUS0003716,tier_1,Kano,2023-07-17
CUS0003717,tier_1,Brikama,2024-05-20
CUS0003718,tier_3,Basse,2025-05-28
CUS0003719,tier_3,Basse,2025-03-18
CUS0003720,tier_1,Ibadan,2023-02-24
CUS0003721,tier_2,Banjul,2025-10-11
CUS0003722,tier_3,Ibadan,2022-12-26
CUS0003723,tier_2,Banjul,2023-04-06
CUS0003724,tier_2,Banjul,2023-12-06
CUS0003725,tier_1,Port Harcourt,2023-08-11
CUS0003726,tier_2,Ibadan,2025-04-17
CUS0003727,tier_2,Basse,2025-05-21
CUS0003728,tier_2,Kanifing,2023-07-05
CUS0003729,tier_2,Kano,2024-07-11
CUS0003730,tier_1,Brikama,2024-06-09
CUS0003731,tier_2,Kanifing,2024-01-07
CUS0003732,tier_2,Farafenni,2025-08-01
CUS0003733,tier_1,Ibadan,2024-02-14
CUS0003734,tier_1,Ibadan,2025-08-02
CUS0003735,tier_2,Lagos,2025-10-14
CUS0003736,tier_1,Ibadan,2024-03-21
CUS0003737,tier_1,Ibadan,2025-10-20
CUS0003738,tier_3,Banjul,2024-08-15
CUS0003739,tier_1,Abuja,2024-10-07
CUS0003740,tier_2,Basse,2023-05-14
CUS0003741,tier_1,Brikama,2023-03-20
CUS0003742,tier_1,Farafenni,2025-07-03
CUS0003743,tier_3,Farafenni,2025-12-25
CUS0003744,tier_1,Kano,2022-11-15
CUS0003745,tier_2,Brikama,2025-10-13
CUS0003746,tier_1,Basse,2023-11-14
CUS0003747,tier_2,Farafenni,2024-01-17
CUS0003748,tier_1,Brikama,2024-04-26
CUS0003749,tier_2,Basse,2023-04-13
CUS0003750,tier_1,Abuja,2023-12-31
CUS0003751,tier_1,Basse,2025-06-17
CUS0003752,tier_1,Basse,2023-08-25
CUS0003753,tier_3,Lagos,2024-08-12
CUS0003754,tier_2,Kanifing,2025-01-05
CUS0003755,tier_1,Lagos,2025-05-13
CUS0003756,tier_1,Abuja,2025-04-13
CUS0003757,tier_2,Kano,2023-04-05
CUS0003758,tier_2,Farafenni,2025-11-02
CUS0003759,tier_1,Ibadan,2024-10-17
CUS0003760,tier_2,Abuja,2025-08-29
CUS0003761,tier_2,Lagos,2024-07-14
CUS0003762,tier_2,Abuja,2023-10-22
CUS0003763,tier_2,Abuja,2023-10-07
CUS0003764,tier_1,Banjul,2024-06-30
CUS0003765,tier_1,Farafenni,2024-02-05
CUS0003766,tier_2,Banjul,2024-04-09
CUS0003767,tier_1,Farafenni,2022-10-16
CUS0003768,tier_2,Ibadan,2024-11-04
CUS0003769,tier_2,Kanifing,2024-02-25
CUS0003770,tier_1,Ibadan,2025-11-21
CUS0003771,tier_3,Banjul,2023-11-16
CUS0003772,tier_1,Lagos,2024-01-09
CUS0003773,tier_2,Ibadan,2025-08-24
CUS0003774,tier_2,Ibadan,2024-10-26
CUS0003775,tier_1,Farafenni,2025-02-13
CUS0003776,tier_2,Abuja,2024-09-18
CUS0003777,tier_1,Brikama,2023-11-27
CUS0003778,tier_1,Farafenni,2022-11-25
CUS0003779,tier_2,Banjul,2025-10-19
CUS0003780,tier_2,Ibadan,2025-06-05
CUS0003781,tier_1,Kano,2025-10-06
CUS0003782,tier_1,Basse,2025-11-12
CUS0003783,tier_1,Farafenni,2025-10-23
CUS0003784,tier_1,Kanifing,2023-11-19
CUS0003785,tier_2,Brikama,2024-06-27
CUS0003786,tier_2,Kanifing,2025-08-02
CUS0003787,tier_1,Abuja,2025-11-20
CUS0003788,tier_1,Ibadan,2025-02-24
CUS0003789,tier_1,Port Harcourt,2023-10-22
CUS0003790,tier_1,Port Harcourt,2024-04-01
CUS0003791,tier_2,Abuja,2023-02-16
CUS0003792,tier_2,Basse,2024-06-18
CUS0003793,tier_1,Kanifing,2024-07-08
CUS0003794,tier_3,Port Harcourt,2023-05-11
CUS0003795,tier_1,Abuja,2025-06-24
CUS0003796,tier_1,Abuja,2022-11-09
CUS0003797,tier_1,Basse,2023-01-04
CUS0003798,tier_1,Abuja,2025-11-26
CUS0003799,tier_3,Abuja,2023-11-29
CUS0003800,tier_2,Kanifing,2023-06-19
CUS0003801,tier_1,Banjul,2023-10-10
CUS0003802,tier_2,Kano,2023-12-05
CUS0003803,tier_1,Kanifing,2024-04-04
CUS0003804,tier_1,Kanifing,2025-06-19
CUS0003805,tier_2,Farafenni,2023-04-03
CUS0003806,tier_2,Kanifing,2025-03-17
CUS0003807,tier_1,Kano,2023-01-25
CUS0003808,tier_2,Port Harcourt,2024-09-11
CUS0003809,tier_1,Kano,2024-08-02
CUS0003810,tier_1,Lagos,2025-02-26
CUS0003811,tier_1,Port Harcourt,2023-09-21
CUS0003812,tier_2,Basse,2024-10-29
CUS0003813,tier_2,Kano,2022-12-10
CUS0003814,tier_1,Farafenni,2024-03-12
CUS0003815,tier_1,Kano,2023-02-12
CUS0003816,tier_2,Kanifing,2025-05-30
CUS0003817,tier_1,Kanifing,2023-11-23
CUS0003818,tier_1,Banjul,2025-02-03
CUS0003819,tier_1,Kanifing,2025-01-25
CUS0003820,tier_1,Kanifing,2025-10-13
CUS0003821,tier_2,Kano,2025-01-16
CUS0003822,tier_2,Ibadan,2023-04-09
CUS0003823,tier_1,Ibadan,2023-08-28
CUS0003824,tier_1,Basse,2025-05-05
CUS0003825,tier_1,Basse,2024-06-24
CUS0003826,tier_1,Port Harcourt,2023-12-01
CUS0003827,tier_2,Brikama,2025-03-17
CUS0003828,tier_1,Farafenni,2023-12-02
CUS0003829,tier_1,Basse,2023-05-10
CUS0003830,tier_1,Lagos,2025-03-29
CUS0003831,tier_1,Kano,2025-12-11
CUS0003832,tier_1,Brikama,2025-02-27
CUS0003833,tier_1,Banjul,2024-04-02
CUS0003834,tier_2,Farafenni,2025-06-22
CUS0003835,tier_1,Lagos,2025-06-21
CUS0003836,tier_1,Kano,2025-02-14
CUS0003837,tier_1,Ibadan,2024-09-25
CUS0003838,tier_1,Banjul,2024-12-02
CUS0003839,tier_1,Abuja,2022-09-22
CUS0003840,tier_2,Lagos,2023-09-28
CUS0003841,tier_3,Ibadan,2022-12-19
CUS0003842,tier_2,Farafenni,2025-07-26
CUS0003843,tier_2,Kanifing,2024-10-14
CUS0003844,tier_1,Basse,2022-11-03
CUS0003845,tier_1,Ibadan,2023-11-08
CUS0003846,tier_1,Port Harcourt,2024-06-12
CUS0003847,tier_3,Port Harcourt,2023-05-07
CUS0003848,tier_1,Banjul,2024-09-13
CUS0003849,tier_3,Kanifing,2025-03-06
CUS0003850,tier_1,Kano,2025-12-31
CUS0003851,tier_1,Banjul,2025-03-26
CUS0003852,tier_1,Kano,2023-08-13
CUS0003853,tier_2,Lagos,2024-04-21
CUS0003854,tier_1,Kanifing,2024-08-25
CUS0003855,tier_2,Abuja,2023-11-03
CUS0003856,tier_2,Lagos,2024-04-02
CUS0003857,tier_2,Lagos,2023-01-10
CUS0003858,tier_1,Port Harcourt,2024-10-19
CUS0003859,tier_3,Basse,2025-03-14
CUS0003860,tier_2,Ibadan,2023-07-11
CUS0003861,tier_1,Basse,2025-04-29
CUS0003862,tier_2,Abuja,2024-01-18
CUS0003863,tier_1,Lagos,2023-05-22
CUS0003864,tier_2,Lagos,2023-08-16
CUS0003865,tier_1,Ibadan,2024-12-05
CUS0003866,tier_1,Brikama,2025-12-10
CUS0003867,tier_1,Lagos,2023-01-19
CUS0003868,tier_1,Port Harcourt,2024-04-05
CUS0003869,tier_1,Lagos,2024-07-30
CUS0003870,tier_1,Banjul,2024-06-20
CUS0003871,tier_1,Basse,2023-04-26
CUS0003872,tier_1,Basse,2024-06-18
CUS0003873,tier_2,Port Harcourt,2025-10-30
CUS0003874,tier_2,Kano,2023-06-15
CUS0003875,tier_1,Kano,2022-12-10
CUS0003876,tier_2,Banjul,2023-12-06
CUS0003877,tier_1,Brikama,2025-01-03
CUS0003878,tier_2,Brikama,2025-07-15
CUS0003879,tier_1,Kanifing,2025-09-08
CUS0003880,tier_1,Banjul,2024-03-28
CUS0003881,tier_1,Ibadan,2024-06-11
CUS0003882,tier_3,Farafenni,2025-11-27
CUS0003883,tier_1,Lagos,2025-01-19
CUS0003884,tier_3,Port Harcourt,2023-12-12
CUS0003885,tier_1,Abuja,2023-09-01
CUS0003886,tier_2,Banjul,2025-08-20
CUS0003887,tier_1,Ibadan,2025-03-04
CUS0003888,tier_2,Kanifing,2025-01-12
CUS0003889,tier_1,Basse,2024-11-20
CUS0003890,tier_2,Abuja,2025-01-11
CUS0003891,tier_2,Banjul,2024-04-03
CUS0003892,tier_1,Lagos,2025-05-04
CUS0003893,tier_1,Port Harcourt,2025-07-08
CUS0003894,tier_2,Kano,2025-07-04
CUS0003895,tier_1,Kanifing,2024-12-23
CUS0003896,tier_2,Brikama,2024-03-21
CUS0003897,tier_2,Banjul,2025-01-19
CUS0003898,tier_2,Farafenni,2023-11-25
CUS0003899,tier_1,Farafenni,2024-04-10
CUS0003900,tier_2,Farafenni,2025-04-04
CUS0003901,tier_1,Abuja,2024-05-23
CUS0003902,tier_1,Brikama,2022-10-31
CUS0003903,tier_1,Farafenni,2024-12-11
CUS0003904,tier_1,Farafenni,2025-01-03
CUS0003905,tier_3,Basse,2023-07-15
CUS0003906,tier_1,Kano,2024-01-04
CUS0003907,tier_2,Lagos,2023-01-25
CUS0003908,tier_1,Brikama,2025-10-17
CUS0003909,tier_3,Port Harcourt,2023-11-03
CUS0003910,tier_1,Port Harcourt,2024-10-26
CUS0003911,tier_3,Abuja,2024-01-21
CUS0003912,tier_2,Basse,2024-11-02
CUS0003913,tier_1,Ibadan,2022-11-28
CUS0003914,tier_2,Basse,2025-06-29
CUS0003915,tier_1,Farafenni,2024-07-21
CUS0003916,tier_1,Basse,2025-10-28
CUS0003917,tier_3,Ibadan,2024-12-15
CUS0003918,tier_1,Kano,2024-03-10
CUS0003919,tier_1,Abuja,2025-10-23
CUS0003920,tier_1,Kanifing,2023-12-28
CUS0003921,tier_2,Banjul,2025-02-09
CUS0003922,tier_1,Lagos,2024-02-11
CUS0003923,tier_2,Kanifing,2024-12-13
CUS0003924,tier_3,Basse,2025-02-01
CUS0003925,tier_1,Brikama,2025-11-17
CUS0003926,tier_1,Port Harcourt,2023-06-11
CUS0003927,tier_2,Abuja,2023-10-06
CUS0003928,tier_1,Farafenni,2024-08-01
CUS0003929,tier_2,Port Harcourt,2024-02-09
CUS0003930,tier_1,Abuja,2024-04-26
CUS0003931,tier_1,Farafenni,2023-02-27
CUS0003932,tier_1,Abuja,2024-06-28
CUS0003933,tier_3,Abuja,2025-11-03
CUS0003934,tier_1,Brikama,2024-04-25
CUS0003935,tier_2,Ibadan,2024-11-20
CUS0003936,tier_3,Port Harcourt,2025-03-21
CUS0003937,tier_1,Lagos,2025-09-12
CUS0003938,tier_3,Basse,2025-03-17
CUS0003939,tier_2,Kano,2023-10-13
CUS0003940,tier_1,Banjul,2025-03-04
CUS0003941,tier_1,Brikama,2024-04-23
CUS0003942,tier_1,Brikama,2024-09-04
CUS0003943,tier_2,Abuja,2025-06-30
CUS0003944,tier_2,Brikama,2022-11-20
CUS0003945,tier_2,Lagos,2025-12-21
CUS0003946,tier_1,Lagos,2025-06-10
CUS0003947,tier_1,Abuja,2024-10-22
CUS0003948,tier_3,Abuja,2023-05-27
CUS0003949,tier_2,Kanifing,2023-10-30
CUS0003950,tier_1,Brikama,2023-10-05
CUS0003951,tier_2,Basse,2023-08-15
CUS0003952,tier_2,Ibadan,2025-08-07
CUS0003953,tier_1,Port Harcourt,2025-11-06
CUS0003954,tier_1,Port Harcourt,2025-01-01
CUS0003955,tier_2,Lagos,2023-12-21
CUS0003956,tier_1,Banjul,2023-10-08
CUS0003957,tier_3,Farafenni,2025-03-24
CUS0003958,tier_1,Banjul,2024-10-25
CUS0003959,tier_1,Kanifing,2024-02-05
CUS0003960,tier_1,Brikama,2023-08-13
CUS0003961,tier_1,Basse,2023-10-31
CUS0003962,tier_2,Kano,2025-10-21
CUS0003963,tier_1,Abuja,2024-12-29
CUS0003964,tier_1,Ibadan,2025-05-28
CUS0003965,tier_1,Kanifing,2024-01-22
CUS0003966,tier_2,Kanifing,2023-09-25
CUS0003967,tier_2,Banjul,2025-02-05
CUS0003968,tier_1,Port Harcourt,2023-02-27
CUS0003969,tier_1,Kano,2025-12-08
CUS0003970,tier_1,Abuja,2023-08-19
CUS0003971,tier_2,Basse,2023-08-14
CUS0003972,tier_1,Kanifing,2023-06-23
CUS0003973,tier_1,Kano,2024-02-14
CUS0003974,tier_2,Lagos,2025-05-17
CUS0003975,tier_2,Abuja,2023-01-08
CUS0003976,tier_2,Kanifing,2025-02-27
CUS0003977,tier_1,Port Harcourt,2024-07-21
CUS0003978,tier_1,Port Harcourt,2023-06-14
CUS0003979,tier_1,Kano,2024-06-03
CUS0003980,tier_1,Kano,2023-06-03
CUS0003981,tier_1,Port Harcourt,2023-12-06
CUS0003982,tier_1,Lagos,2024-05-04
CUS0003983,tier_2,Banjul,2022-12-16
CUS0003984,tier_1,Basse,2024-01-01
CUS0003985,tier_1,Kano,2024-03-07
CUS0003986,tier_1,Banjul,2025-05-17
CUS0003987,tier_1,Banjul,2023-01-08
CUS0003988,tier_2,Farafenni,2025-01-07
CUS0003989,tier_1,Kanifing,2025-04-17
CUS0003990,tier_2,Kano,2023-08-02
CUS0003991,tier_2,Lagos,2023-06-07
CUS0003992,tier_2,Farafenni,2023-01-24
CUS0003993,tier_2,Banjul,2025-07-28
CUS0003994,tier_1,Banjul,2025-03-06
CUS0003995,tier_2,Kanifing,2023-11-10
CUS0003996,tier_1,Kanifing,2024-02-09
CUS0003997,tier_3,Basse,2023-08-19
CUS0003998,tier_1,Brikama,2024-07-23
CUS0003999,tier_2,Kanifing,2023-07-28
CUS0004000,tier_3,Farafenni,2022-10-19
CUS0004001,tier_1,Basse,2023-02-13
CUS0004002,tier_1,Farafenni,2025-09-22
CUS0004003,tier_1,Kano,2024-10-17
CUS0004004,tier_2,Abuja,2024-06-17
CUS0004005,tier_2,Brikama,2024-06-13
CUS0004006,tier_1,Banjul,2023-10-07
CUS0004007,tier_3,Basse,2024-06-21
CUS0004008,tier_1,Farafenni,2025-11-23
CUS0004009,tier_2,Brikama,2024-06-17
CUS0004010,tier_1,Port Harcourt,2024-03-20
CUS0004011,tier_1,Farafenni,2025-11-24
CUS0004012,tier_2,Farafenni,2025-08-23
CUS0004013,tier_2,Port Harcourt,2023-06-02
CUS0004014,tier_2,Port Harcourt,2024-02-27
CUS0004015,tier_1,Kano,2022-11-15
CUS0004016,tier_1,Lagos,2024-03-17
CUS0004017,tier_1,Kano,2025-02-24
CUS0004018,tier_1,Kano,2024-10-26
CUS0004019,tier_1,Brikama,2023-10-25
CUS0004020,tier_1,Banjul,2022-10-18
CUS0004021,tier_3,Kano,2022-11-08
CUS0004022,tier_3,Kanifing,2024-11-01
CUS0004023,tier_2,Ibadan,2023-12-06
CUS0004024,tier_1,Lagos,2023-06-21
CUS0004025,tier_2,Banjul,2025-02-15
CUS0004026,tier_2,Brikama,2024-01-11
CUS0004027,tier_2,Abuja,2025-11-14
CUS0004028,tier_2,Basse,2022-11-18
CUS0004029,tier_2,Farafenni,2023-11-24
CUS0004030,tier_3,Brikama,2023-11-17
CUS0004031,tier_2,Kanifing,2025-06-16
CUS0004032,tier_1,Farafenni,2025-05-19
CUS0004033,tier_2,Brikama,2025-02-09
CUS0004034,tier_2,Abuja,2022-12-01
CUS0004035,tier_1,Farafenni,2023-08-28
CUS0004036,tier_3,Basse,2024-03-17
CUS0004037,tier_2,Kanifing,2024-03-21
CUS0004038,tier_1,Ibadan,2023-10-20
CUS0004039,tier_1,Abuja,2023-03-24
CUS0004040,tier_2,Basse,2023-06-25
CUS0004041,tier_1,Brikama,2023-10-04
CUS0004042,tier_1,Ibadan,2024-02-16
CUS0004043,tier_2,Brikama,2025-06-13
CUS0004044,tier_1,Abuja,2023-08-28
CUS0004045,tier_1,Banjul,2024-09-28
CUS0004046,tier_1,Port Harcourt,2023-03-07
CUS0004047,tier_3,Port Harcourt,2022-10-20
CUS0004048,tier_2,Banjul,2024-03-06
CUS0004049,tier_2,Brikama,2022-10-23
CUS0004050,tier_2,Kanifing,2023-12-04
CUS0004051,tier_1,Port Harcourt,2023-10-26
CUS0004052,tier_2,Farafenni,2025-02-04
CUS0004053,tier_1,Farafenni,2025-01-07
CUS0004054,tier_1,Farafenni,2024-03-11
CUS0004055,tier_1,Kanifing,2025-10-29
CUS0004056,tier_1,Kano,2023-06-05
CUS0004057,tier_1,Port Harcourt,2023-07-07
CUS0004058,tier_3,Brikama,2023-06-01
CUS0004059,tier_1,Kanifing,2024-02-22
CUS0004060,tier_2,Brikama,2024-08-17
CUS0004061,tier_1,Kanifing,2025-12-17
CUS0004062,tier_2,Abuja,2023-02-01
CUS0004063,tier_3,Abuja,2025-08-09
CUS0004064,tier_2,Basse,2022-12-27
CUS0004065,tier_1,Port Harcourt,2023-01-03
CUS0004066,tier_2,Kano,2023-04-22
CUS0004067,tier_2,Banjul,2024-05-11
CUS0004068,tier_2,Banjul,2023-12-18
CUS0004069,tier_1,Ibadan,2023-07-14
CUS0004070,tier_1,Kanifing,2025-06-02
CUS0004071,tier_1,Basse,2022-10-01
CUS0004072,tier_2,Kanifing,2025-01-19
CUS0004073,tier_1,Lagos,2025-03-16
CUS0004074,tier_3,Kano,2024-10-27
CUS0004075,tier_1,Lagos,2025-08-02
CUS0004076,tier_1,Kano,2024-08-17
CUS0004077,tier_2,Lagos,2024-05-06
CUS0004078,tier_2,Lagos,2023-06-23
CUS0004079,tier_2,Port Harcourt,2024-06-16
CUS0004080,tier_2,Brikama,2025-03-03
CUS0004081,tier_1,Banjul,2024-10-05
CUS0004082,tier_2,Port Harcourt,2023-12-20
CUS0004083,tier_2,Basse,2025-02-10
CUS0004084,tier_2,Basse,2023-05-03
CUS0004085,tier_2,Basse,2025-02-18
CUS0004086,tier_2,Brikama,2025-03-06
CUS0004087,tier_2,Abuja,2024-07-23
CUS0004088,tier_2,Banjul,2024-10-24
CUS0004089,tier_2,Brikama,2022-09-22
CUS0004090,tier_1,Lagos,2023-02-24
CUS0004091,tier_2,Ibadan,2023-09-22
CUS0004092,tier_1,Brikama,2024-01-27
CUS0004093,tier_2,Port Harcourt,2023-03-11
CUS0004094,tier_1,Lagos,2023-11-18
CUS0004095,tier_2,Kano,2025-01-19
CUS0004096,tier_2,Kano,2025-01-06
CUS0004097,tier_1,Abuja,2025-12-02
CUS0004098,tier_2,Kanifing,2024-01-30
CUS0004099,tier_1,Farafenni,2024-09-28
CUS0004100,tier_1,Port Harcourt,2025-05-01
CUS0004101,tier_2,Lagos,2023-03-16
CUS0004102,tier_1,Banjul,2023-01-23
CUS0004103,tier_2,Farafenni,2023-12-18
CUS0004104,tier_2,Abuja,2025-06-12
CUS0004105,tier_3,Ibadan,2025-08-16
CUS0004106,tier_1,Ibadan,2022-12-26
CUS0004107,tier_2,Banjul,2023-07-01
CUS0004108,tier_2,Farafenni,2024-08-17
CUS0004109,tier_1,Brikama,2024-08-17
CUS0004110,tier_1,Kano,2025-01-02
CUS0004111,tier_1,Port Harcourt,2024-07-05
CUS0004112,tier_2,Kanifing,2024-12-07
CUS0004113,tier_2,Kanifing,2025-04-04
CUS0004114,tier_1,Banjul,2024-11-01
CUS0004115,tier_1,Port Harcourt,2022-09-28
CUS0004116,tier_1,Kanifing,2022-12-28
CUS0004117,tier_2,Banjul,2024-03-18
CUS0004118,tier_2,Kanifing,2024-11-24
CUS0004119,tier_1,Kano,2025-07-14
CUS0004120,tier_1,Kanifing,2022-12-17
CUS0004121,tier_2,Port Harcourt,2023-04-09
CUS0004122,tier_1,Banjul,2022-09-27
CUS0004123,tier_1,Kanifing,2023-07-09
CUS0004124,tier_2,Farafenni,2023-06-11
CUS0004125,tier_3,Basse,2023-09-20
CUS0004126,tier_2,Kano,2025-01-04
CUS0004127,tier_1,Kano,2023-02-12
CUS0004128,tier_1,Basse,2024-07-08
CUS0004129,tier_2,Farafenni,2024-02-02
CUS0004130,tier_1,Ibadan,2023-03-07
CUS0004131,tier_1,Kano,2025-05-17
CUS0004132,tier_3,Brikama,2023-04-08
CUS0004133,tier_1,Ibadan,2023-05-13
CUS0004134,tier_1,Brikama,2025-08-19
CUS0004135,tier_2,Basse,2025-06-21
CUS0004136,tier_3,Kano,2024-01-30
CUS0004137,tier_2,Ibadan,2024-12-22
CUS0004138,tier_1,Kanifing,2024-09-13
CUS0004139,tier_1,Ibadan,2024-04-15
CUS0004140,tier_1,Ibadan,2023-05-10
CUS0004141,tier_1,Basse,2024-10-27
CUS0004142,tier_2,Brikama,2024-03-08
CUS0004143,tier_1,Abuja,2025-01-14
CUS0004144,tier_2,Port Harcourt,2025-02-13
CUS0004145,tier_1,Ibadan,2023-05-06
CUS0004146,tier_2,Abuja,2024-06-28
CUS0004147,tier_1,Basse,2023-05-10
CUS0004148,tier_3,Basse,2023-12-03
CUS0004149,tier_1,Lagos,2024-01-07
CUS0004150,tier_2,Lagos,2023-06-24
CUS0004151,tier_1,Port Harcourt,2023-10-18
CUS0004152,tier_2,Banjul,2023-09-26
CUS0004153,tier_1,Abuja,2024-01-07
CUS0004154,tier_2,Brikama,2023-06-10
CUS0004155,tier_2,Banjul,2024-11-12
CUS0004156,tier_1,Basse,2024-05-07
CUS0004157,tier_2,Banjul,2024-03-12
CUS0004158,tier_1,Abuja,2024-03-04
CUS0004159,tier_2,Farafenni,2024-10-17
CUS0004160,tier_2,Kano,2024-06-18
CUS0004161,tier_1,Farafenni,2025-02-06
CUS0004162,tier_1,Kano,2023-05-14
CUS0004163,tier_3,Banjul,2023-10-25
CUS0004164,tier_2,Kano,2024-08-07
CUS0004165,tier_1,Port Harcourt,2023-11-24
CUS0004166,tier_1,Banjul,2024-01-30
CUS0004167,tier_1,Lagos,2023-07-18
CUS0004168,tier_3,Kanifing,2023-05-10
CUS0004169,tier_1,Kanifing,2024-03-07
CUS0004170,tier_3,Abuja,2025-02-24
CUS0004171,tier_2,Port Harcourt,2024-04-28
CUS0004172,tier_2,Ibadan,2025-07-04
CUS0004173,tier_1,Lagos,2022-10-16
CUS0004174,tier_1,Basse,2022-11-17
CUS0004175,tier_1,Basse,2025-11-17
CUS0004176,tier_1,Kanifing,2024-03-29
CUS0004177,tier_3,Lagos,2023-07-02
CUS0004178,tier_2,Farafenni,2024-12-19
CUS0004179,tier_1,Farafenni,2023-06-02
CUS0004180,tier_1,Farafenni,2024-07-19
CUS0004181,tier_1,Banjul,2025-03-19
CUS0004182,tier_1,Abuja,2023-08-09
CUS0004183,tier_1,Kano,2025-09-24
CUS0004184,tier_2,Banjul,2023-02-16
CUS0004185,tier_1,Port Harcourt,2023-07-20
CUS0004186,tier_3,Ibadan,2024-03-02
CUS0004187,tier_2,Kano,2024-06-01
CUS0004188,tier_2,Kanifing,2025-07-30
CUS0004189,tier_2,Ibadan,2025-05-15
CUS0004190,tier_1,Ibadan,2025-07-05
CUS0004191,tier_2,Kano,2024-12-06
CUS0004192,tier_2,Abuja,2024-06-12
CUS0004193,tier_1,Brikama,2024-02-24
CUS0004194,tier_1,Port Harcourt,2024-02-05
CUS0004195,tier_1,Abuja,2025-11-18
CUS0004196,tier_1,Basse,2025-12-18
CUS0004197,tier_2,Abuja,2025-11-23
CUS0004198,tier_1,Lagos,2023-08-10
CUS0004199,tier_1,Farafenni,2022-09-22
CUS0004200,tier_2,Lagos,2023-01-06
CUS0004201,tier_1,Farafenni,2022-10-12
CUS0004202,tier_3,Port Harcourt,2025-02-22
CUS0004203,tier_1,Brikama,2024-11-04
CUS0004204,tier_1,Kanifing,2025-11-08
CUS0004205,tier_1,Banjul,2025-04-15
CUS0004206,tier_1,Kanifing,2024-03-01
CUS0004207,tier_2,Farafenni,2024-10-30
CUS0004208,tier_1,Brikama,2023-08-16
CUS0004209,tier_3,Farafenni,2024-10-13
CUS0004210,tier_2,Banjul,2025-03-25
CUS0004211,tier_2,Kano,2025-04-23
CUS0004212,tier_2,Abuja,2025-11-09
CUS0004213,tier_1,Farafenni,2023-11-13
CUS0004214,tier_1,Kano,2023-10-06
CUS0004215,tier_1,Abuja,2025-04-20
CUS0004216,tier_1,Brikama,2023-02-28
CUS0004217,tier_3,Ibadan,2025-04-26
CUS0004218,tier_1,Farafenni,2025-04-29
CUS0004219,tier_3,Port Harcourt,2023-12-29
CUS0004220,tier_2,Lagos,2023-09-03
CUS0004221,tier_1,Kanifing,2023-02-27
CUS0004222,tier_1,Basse,2023-02-24
CUS0004223,tier_1,Kano,2025-11-28
CUS0004224,tier_1,Abuja,2023-10-04
CUS0004225,tier_3,Kanifing,2024-01-05
CUS0004226,tier_1,Basse,2025-08-20
CUS0004227,tier_1,Basse,2024-09-18
CUS0004228,tier_3,Kanifing,2023-10-25
CUS0004229,tier_2,Banjul,2024-06-17
CUS0004230,tier_2,Lagos,2025-09-30
CUS0004231,tier_1,Farafenni,2025-01-02
CUS0004232,tier_2,Brikama,2023-02-03
CUS0004233,tier_1,Kano,2025-10-13
CUS0004234,tier_1,Farafenni,2024-05-10
CUS0004235,tier_1,Abuja,2025-02-12
CUS0004236,tier_1,Brikama,2023-02-03
CUS0004237,tier_3,Brikama,2023-12-15
CUS0004238,tier_2,Kanifing,2025-02-02
CUS0004239,tier_1,Farafenni,2024-04-14
CUS0004240,tier_1,Lagos,2024-07-06
CUS0004241,tier_2,Banjul,2025-11-09
CUS0004242,tier_1,Kano,2025-10-22
CUS0004243,tier_2,Brikama,2023-09-19
CUS0004244,tier_1,Abuja,2023-01-21
CUS0004245,tier_1,Kanifing,2025-12-01
CUS0004246,tier_1,Farafenni,2025-06-26
CUS0004247,tier_1,Kanifing,2025-05-15
CUS0004248,tier_3,Kano,2023-09-03
CUS0004249,tier_2,Ibadan,2023-07-14
CUS0004250,tier_1,Port Harcourt,2025-12-30
CUS0004251,tier_1,Kano,2024-07-23
CUS0004252,tier_1,Ibadan,2023-12-14
CUS0004253,tier_3,Kanifing,2023-04-28
CUS0004254,tier_1,Port Harcourt,2024-11-25
CUS0004255,tier_1,Ibadan,2025-04-10
CUS0004256,tier_2,Brikama,2024-09-26
CUS0004257,tier_2,Kanifing,2023-09-26
CUS0004258,tier_1,Port Harcourt,2025-05-30
CUS0004259,tier_1,Basse,2024-12-18
CUS0004260,tier_2,Basse,2024-02-27
CUS0004261,tier_2,Kano,2023-02-01
CUS0004262,tier_1,Basse,2025-04-06
CUS0004263,tier_1,Lagos,2025-03-09
CUS0004264,tier_2,Banjul,2023-11-04
CUS0004265,tier_2,Farafenni,2024-12-23
CUS0004266,tier_1,Banjul,2024-08-31
CUS0004267,tier_1,Lagos,2025-12-08
CUS0004268,tier_2,Kano,2024-01-27
CUS0004269,tier_1,Port Harcourt,2023-09-23
CUS0004270,tier_1,Farafenni,2023-06-17
CUS0004271,tier_2,Ibadan,2023-07-15
CUS0004272,tier_1,Basse,2023-02-12
CUS0004273,tier_3,Lagos,2024-12-15
CUS0004274,tier_1,Kano,2022-12-03
CUS0004275,tier_1,Kanifing,2024-01-30
CUS0004276,tier_2,Basse,2025-08-24
CUS0004277,tier_2,Abuja,2025-11-09
CUS0004278,tier_3,Brikama,2025-06-21
CUS0004279,tier_1,Kano,2025-05-18
CUS0004280,tier_1,Basse,2025-04-17
CUS0004281,tier_2,Basse,2023-06-19
CUS0004282,tier_1,Kanifing,2023-03-04
CUS0004283,tier_1,Ibadan,2024-11-27
CUS0004284,tier_1,Farafenni,2025-11-27
CUS0004285,tier_1,Lagos,2023-01-20
CUS0004286,tier_2,Brikama,2022-11-05
CUS0004287,tier_2,Ibadan,2025-09-26
CUS0004288,tier_2,Lagos,2022-12-23
CUS0004289,tier_1,Ibadan,2025-01-24
CUS0004290,tier_1,Kanifing,2025-01-26
CUS0004291,tier_2,Port Harcourt,2024-09-24
CUS0004292,tier_2,Brikama,2022-12-20
CUS0004293,tier_3,Port Harcourt,2023-08-16
CUS0004294,tier_2,Basse,2025-09-22
CUS0004295,tier_3,Abuja,2024-05-03
CUS0004296,tier_1,Ibadan,2023-08-22
CUS0004297,tier_2,Kano,2024-03-12
CUS0004298,tier_1,Basse,2025-12-31
CUS0004299,tier_1,Ibadan,2024-04-02
CUS0004300,tier_1,Port Harcourt,2025-08-17
CUS0004301,tier_1,Abuja,2025-03-19
CUS0004302,tier_1,Brikama,2024-08-22
CUS0004303,tier_1,Brikama,2023-08-26
CUS0004304,tier_1,Farafenni,2024-08-09
CUS0004305,tier_2,Kanifing,2024-09-24
CUS0004306,tier_3,Basse,2025-03-19
CUS0004307,tier_2,Kanifing,2022-09-19
CUS0004308,tier_3,Brikama,2024-11-05
CUS0004309,tier_1,Basse,2024-03-01
CUS0004310,tier_1,Kanifing,2023-01-30
CUS0004311,tier_1,Kanifing,2023-05-12
CUS0004312,tier_1,Kano,2024-04-29
CUS0004313,tier_2,Ibadan,2023-06-15
CUS0004314,tier_1,Lagos,2024-06-22
CUS0004315,tier_3,Banjul,2023-11-11
CUS0004316,tier_2,Basse,2025-05-14
CUS0004317,tier_2,Abuja,2022-09-20
CUS0004318,tier_1,Kano,2024-05-14
CUS0004319,tier_1,Kanifing,2025-07-03
CUS0004320,tier_3,Port Harcourt,2023-12-20
CUS0004321,tier_1,Kano,2023-07-30
CUS0004322,tier_1,Kanifing,2024-06-06
CUS0004323,tier_2,Basse,2024-08-03
CUS0004324,tier_2,Lagos,2023-08-25
CUS0004325,tier_2,Basse,2024-01-01
CUS0004326,tier_1,Kanifing,2023-04-12
CUS0004327,tier_1,Kano,2024-10-04
CUS0004328,tier_2,Basse,2025-06-02
CUS0004329,tier_3,Kano,2022-11-09
CUS0004330,tier_2,Port Harcourt,2023-11-23
CUS0004331,tier_2,Abuja,2025-10-06
CUS0004332,tier_2,Port Harcourt,2025-06-13
CUS0004333,tier_2,Kanifing,2024-08-30
CUS0004334,tier_1,Port Harcourt,2023-08-21
CUS0004335,tier_2,Banjul,2024-01-20
CUS0004336,tier_2,Kano,2023-06-02
CUS0004337,tier_2,Ibadan,2025-10-16
CUS0004338,tier_3,Abuja,2025-11-09
CUS0004339,tier_1,Brikama,2025-11-12
CUS0004340,tier_2,Lagos,2025-06-12
CUS0004341,tier_1,Abuja,2025-11-03
CUS0004342,tier_2,Basse,2023-12-28
CUS0004343,tier_2,Lagos,2024-01-10
CUS0004344,tier_3,Farafenni,2024-06-13
CUS0004345,tier_1,Banjul,2024-03-07
CUS0004346,tier_1,Basse,2025-02-06
CUS0004347,tier_1,Ibadan,2024-03-12
CUS0004348,tier_2,Lagos,2025-01-13
CUS0004349,tier_2,Kanifing,2024-02-17
CUS0004350,tier_1,Ibadan,2024-09-21
CUS0004351,tier_1,Basse,2025-06-07
CUS0004352,tier_3,Kanifing,2023-09-22
CUS0004353,tier_1,Kano,2024-12-15
CUS0004354,tier_2,Farafenni,2024-07-07
CUS0004355,tier_2,Kano,2024-01-13
CUS0004356,tier_1,Kano,2023-12-22
CUS0004357,tier_2,Brikama,2024-03-10
CUS0004358,tier_1,Farafenni,2022-09-27
CUS0004359,tier_1,Ibadan,2022-11-10
CUS0004360,tier_1,Ibadan,2022-12-25
CUS0004361,tier_1,Port Harcourt,2025-07-29
CUS0004362,tier_1,Kanifing,2023-09-25
CUS0004363,tier_2,Brikama,2024-02-04
CUS0004364,tier_1,Abuja,2025-04-03
CUS0004365,tier_3,Kanifing,2024-05-09
CUS0004366,tier_2,Kanifing,2024-03-08
CUS0004367,tier_3,Kano,2025-10-09
CUS0004368,tier_1,Brikama,2024-06-19
CUS0004369,tier_1,Farafenni,2024-10-09
CUS0004370,tier_1,Farafenni,2023-07-14
CUS0004371,tier_2,Farafenni,2025-03-09
CUS0004372,tier_1,Farafenni,2025-11-19
CUS0004373,tier_2,Kano,2023-07-17
CUS0004374,tier_1,Ibadan,2022-10-25
CUS0004375,tier_1,Brikama,2023-02-03
CUS0004376,tier_2,Port Harcourt,2023-10-31
CUS0004377,tier_2,Lagos,2024-07-10
CUS0004378,tier_1,Lagos,2024-09-07
CUS0004379,tier_1,Lagos,2025-07-27
CUS0004380,tier_3,Brikama,2024-03-13
CUS0004381,tier_2,Farafenni,2022-12-25
CUS0004382,tier_2,Kanifing,2023-02-26
CUS0004383,tier_2,Ibadan,2024-03-29
CUS0004384,tier_1,Port Harcourt,2024-09-21
CUS0004385,tier_2,Ibadan,2024-09-29
CUS0004386,tier_1,Port Harcourt,2025-09-14
CUS0004387,tier_1,Kano,2023-03-19
CUS0004388,tier_2,Kanifing,2025-01-15
CUS0004389,tier_1,Kano,2022-11-13
CUS0004390,tier_2,Lagos,2023-04-30
CUS0004391,tier_2,Brikama,2025-08-23
CUS0004392,tier_2,Kanifing,2024-06-14
CUS0004393,tier_2,Banjul,2023-04-01
CUS0004394,tier_1,Brikama,2023-10-12
CUS0004395,tier_1,Kano,2024-04-06
CUS0004396,tier_1,Basse,2024-02-24
CUS0004397,tier_1,Ibadan,2023-09-20
CUS0004398,tier_1,Ibadan,2024-03-27
CUS0004399,tier_2,Port Harcourt,2025-09-14
CUS0004400,tier_2,Lagos,2025-04-30
CUS0004401,tier_2,Kanifing,2025-08-23
CUS0004402,tier_1,Brikama,2024-11-28
CUS0004403,tier_1,Port Harcourt,2024-12-29
CUS0004404,tier_2,Banjul,2023-03-24
CUS0004405,tier_2,Lagos,2025-07-02
CUS0004406,tier_1,Abuja,2022-10-13
CUS0004407,tier_2,Abuja,2023-09-19
CUS0004408,tier_1,Kano,2025-03-23
CUS0004409,tier_2,Brikama,2025-06-18
CUS0004410,tier_1,Brikama,2023-08-03
CUS0004411,tier_2,Kano,2025-06-29
CUS0004412,tier_1,Abuja,2024-11-16
CUS0004413,tier_1,Kanifing,2024-02-05
CUS0004414,tier_1,Kanifing,2023-01-24
CUS0004415,tier_1,Port Harcourt,2025-08-29
CUS0004416,tier_3,Banjul,2023-11-28
CUS0004417,tier_1,Banjul,2023-01-13
CUS0004418,tier_1,Lagos,2023-11-05
CUS0004419,tier_1,Port Harcourt,2022-11-04
CUS0004420,tier_1,Kanifing,2025-01-12
CUS0004421,tier_1,Port Harcourt,2023-03-17
CUS0004422,tier_1,Farafenni,2024-01-24
CUS0004423,tier_1,Brikama,2023-11-26
CUS0004424,tier_2,Kano,2025-01-02
CUS0004425,tier_1,Kano,2025-10-30
CUS0004426,tier_2,Ibadan,2025-04-29
CUS0004427,tier_2,Basse,2024-05-14
CUS0004428,tier_1,Brikama,2023-02-04
CUS0004429,tier_1,Kanifing,2023-03-18
CUS0004430,tier_1,Brikama,2024-02-10
CUS0004431,tier_3,Ibadan,2023-10-27
CUS0004432,tier_2,Kanifing,2022-11-22
CUS0004433,tier_1,Farafenni,2023-12-14
CUS0004434,tier_1,Kano,2024-12-11
CUS0004435,tier_2,Banjul,2023-12-29
CUS0004436,tier_1,Kano,2025-06-12
CUS0004437,tier_2,Kanifing,2024-03-15
CUS0004438,tier_3,Port Harcourt,2022-10-11
CUS0004439,tier_2,Ibadan,2023-10-16
CUS0004440,tier_2,Farafenni,2024-06-01
CUS0004441,tier_1,Kano,2024-11-21
CUS0004442,tier_1,Abuja,2023-09-26
CUS0004443,tier_1,Kanifing,2023-04-02
CUS0004444,tier_1,Kanifing,2024-03-13
CUS0004445,tier_2,Port Harcourt,2023-10-27
CUS0004446,tier_1,Basse,2025-09-10
CUS0004447,tier_1,Banjul,2024-12-11
CUS0004448,tier_3,Basse,2022-10-19
CUS0004449,tier_1,Lagos,2025-09-24
CUS0004450,tier_1,Banjul,2024-04-20
CUS0004451,tier_1,Lagos,2022-12-26
CUS0004452,tier_1,Abuja,2023-02-24
CUS0004453,tier_1,Brikama,2023-02-24
CUS0004454,tier_1,Banjul,2024-10-18
CUS0004455,tier_1,Brikama,2024-10-04
CUS0004456,tier_2,Kanifing,2024-11-10
CUS0004457,tier_1,Port Harcourt,2025-11-30
CUS0004458,tier_1,Abuja,2024-11-05
CUS0004459,tier_3,Kanifing,2024-05-16
CUS0004460,tier_1,Farafenni,2024-02-23
CUS0004461,tier_3,Abuja,2024-09-20
CUS0004462,tier_1,Abuja,2025-10-01
CUS0004463,tier_1,Port Harcourt,2024-08-14
CUS0004464,tier_2,Basse,2023-08-19
CUS0004465,tier_2,Basse,2024-11-07
CUS0004466,tier_3,Basse,2023-09-15
CUS0004467,tier_2,Abuja,2023-09-06
CUS0004468,tier_1,Farafenni,2023-04-07
CUS0004469,tier_1,Banjul,2023-10-14
CUS0004470,tier_1,Kano,2025-04-12
CUS0004471,tier_2,Farafenni,2025-08-09
CUS0004472,tier_2,Kanifing,2025-02-09
CUS0004473,tier_3,Kano,2025-08-17
CUS0004474,tier_1,Lagos,2025-01-23
CUS0004475,tier_3,Basse,2023-10-08
CUS0004476,tier_1,Basse,2024-05-27
CUS0004477,tier_2,Basse,2025-05-23
CUS0004478,tier_2,Abuja,2024-11-13
CUS0004479,tier_3,Ibadan,2023-03-18
CUS0004480,tier_1,Ibadan,2025-10-19
CUS0004481,tier_1,Kanifing,2025-05-17
CUS0004482,tier_1,Abuja,2024-12-19
CUS0004483,tier_1,Kanifing,2024-08-23
CUS0004484,tier_1,Lagos,2023-07-18
CUS0004485,tier_2,Kano,2025-10-08
CUS0004486,tier_2,Ibadan,2024-12-09
CUS0004487,tier_2,Lagos,2025-10-03
CUS0004488,tier_2,Brikama,2024-02-01
CUS0004489,tier_2,Basse,2025-01-06
CUS0004490,tier_1,Farafenni,2025-09-07
CUS0004491,tier_1,Brikama,2024-05-13
CUS0004492,tier_1,Farafenni,2024-12-20
CUS0004493,tier_2,Lagos,2023-07-17
CUS0004494,tier_1,Kano,2025-08-11
CUS0004495,tier_2,Port Harcourt,2023-01-14
CUS0004496,tier_1,Brikama,2025-03-13
CUS0004497,tier_1,Lagos,2025-09-06
CUS0004498,tier_1,Kanifing,2023-09-14
CUS0004499,tier_1,Banjul,2025-01-18
CUS0004500,tier_2,Lagos,2023-12-04
CUS0004501,tier_1,Kanifing,2024-09-09
CUS0004502,tier_1,Banjul,2022-11-05
CUS0004503,tier_1,Abuja,2022-10-27
CUS0004504,tier_1,Farafenni,2025-10-20
CUS0004505,tier_2,Kanifing,2025-11-21
CUS0004506,tier_2,Kano,2022-10-18
CUS0004507,tier_2,Basse,2023-10-31
CUS0004508,tier_1,Farafenni,2023-04-02
CUS0004509,tier_2,Lagos,2023-06-14
CUS0004510,tier_1,Brikama,2023-06-15
CUS0004511,tier_1,Lagos,2024-09-29
CUS0004512,tier_1,Brikama,2023-10-28
CUS0004513,tier_3,Brikama,2023-12-09
CUS0004514,tier_2,Abuja,2024-04-26
CUS0004515,tier_1,Kano,2023-09-13
CUS0004516,tier_2,Ibadan,2024-09-23
CUS0004517,tier_3,Brikama,2024-01-09
CUS0004518,tier_1,Abuja,2023-08-22
CUS0004519,tier_2,Kano,2023-06-19
CUS0004520,tier_1,Abuja,2023-05-27
CUS0004521,tier_1,Lagos,2023-10-07
CUS0004522,tier_1,Ibadan,2024-11-05
CUS0004523,tier_1,Farafenni,2022-10-24
CUS0004524,tier_1,Port Harcourt,2023-12-18
CUS0004525,tier_3,Ibadan,2023-09-17
CUS0004526,tier_1,Basse,2024-10-20
CUS0004527,tier_1,Kano,2025-05-23
CUS0004528,tier_1,Kano,2024-04-25
CUS0004529,tier_3,Port Harcourt,2023-09-09
CUS0004530,tier_1,Farafenni,2024-02-09
CUS0004531,tier_2,Brikama,2023-11-05
CUS0004532,tier_3,Abuja,2024-12-27
CUS0004533,tier_3,Banjul,2024-11-04
CUS0004534,tier_1,Brikama,2024-06-20
CUS0004535,tier_3,Port Harcourt,2025-02-15
CUS0004536,tier_2,Port Harcourt,2024-11-21
CUS0004537,tier_1,Lagos,2023-05-17
CUS0004538,tier_1,Brikama,2023-04-10
CUS0004539,tier_1,Port Harcourt,2023-01-10
CUS0004540,tier_2,Banjul,2025-06-16
CUS0004541,tier_2,Kanifing,2025-11-18
CUS0004542,tier_1,Banjul,2024-02-22
CUS0004543,tier_2,Lagos,2024-01-01
CUS0004544,tier_1,Brikama,2024-10-21
CUS0004545,tier_1,Kanifing,2023-12-19
CUS0004546,tier_2,Lagos,2022-09-24
CUS0004547,tier_3,Kano,2023-05-04
CUS0004548,tier_1,Brikama,2024-05-17
CUS0004549,tier_1,Ibadan,2025-02-07
CUS0004550,tier_3,Brikama,2025-01-31
CUS0004551,tier_1,Ibadan,2023-09-14
CUS0004552,tier_1,Ibadan,2023-05-15
CUS0004553,tier_2,Basse,2024-08-08
CUS0004554,tier_3,Brikama,2023-07-04
CUS0004555,tier_1,Banjul,2025-03-29
CUS0004556,tier_2,Kano,2023-11-16
CUS0004557,tier_1,Banjul,2023-12-20
CUS0004558,tier_3,Port Harcourt,2022-10-17
CUS0004559,tier_1,Banjul,2023-03-30
CUS0004560,tier_3,Port Harcourt,2024-01-27
CUS0004561,tier_2,Kanifing,2023-12-05
CUS0004562,tier_1,Brikama,2024-04-26
CUS0004563,tier_2,Brikama,2025-05-18
CUS0004564,tier_3,Farafenni,2024-03-15
CUS0004565,tier_1,Kanifing,2024-01-05
CUS0004566,tier_2,Kano,2025-11-29
CUS0004567,tier_2,Port Harcourt,2023-08-29
CUS0004568,tier_3,Lagos,2024-08-01
CUS0004569,tier_1,Basse,2023-01-31
CUS0004570,tier_3,Banjul,2023-04-04
CUS0004571,tier_1,Brikama,2025-09-16
CUS0004572,tier_2,Basse,2024-07-11
CUS0004573,tier_1,Abuja,2024-02-09
CUS0004574,tier_1,Kano,2025-07-20
CUS0004575,tier_1,Banjul,2025-04-08
CUS0004576,tier_2,Port Harcourt,2025-12-10
CUS0004577,tier_2,Banjul,2024-04-21
CUS0004578,tier_1,Kano,2023-11-14
CUS0004579,tier_1,Basse,2023-11-24
CUS0004580,tier_1,Ibadan,2023-08-15
CUS0004581,tier_1,Lagos,2025-04-04
CUS0004582,tier_3,Basse,2022-11-26
CUS0004583,tier_1,Basse,2024-07-03
CUS0004584,tier_1,Kano,2025-07-11
CUS0004585,tier_2,Lagos,2023-02-23
CUS0004586,tier_2,Banjul,2025-04-12
CUS0004587,tier_2,Kanifing,2024-08-21
CUS0004588,tier_1,Lagos,2025-08-20
CUS0004589,tier_1,Farafenni,2025-07-06
CUS0004590,tier_2,Banjul,2025-12-04
CUS0004591,tier_2,Lagos,2025-08-09
CUS0004592,tier_1,Kano,2024-02-23
CUS0004593,tier_2,Kanifing,2025-04-26
CUS0004594,tier_1,Brikama,2024-11-18
CUS0004595,tier_3,Kanifing,2024-12-16
CUS0004596,tier_1,Kanifing,2025-12-24
CUS0004597,tier_1,Farafenni,2024-10-27
CUS0004598,tier_1,Kanifing,2023-10-31
CUS0004599,tier_1,Ibadan,2024-12-02
CUS0004600,tier_1,Farafenni,2023-03-23
CUS0004601,tier_2,Brikama,2023-05-16
CUS0004602,tier_1,Port Harcourt,2025-08-28
CUS0004603,tier_1,Ibadan,2025-12-19
CUS0004604,tier_1,Farafenni,2024-07-10
CUS0004605,tier_1,Ibadan,2022-10-10
CUS0004606,tier_3,Kanifing,2025-07-29
CUS0004607,tier_1,Lagos,2024-09-21
CUS0004608,tier_1,Port Harcourt,2024-05-03
CUS0004609,tier_2,Ibadan,2024-05-26
CUS0004610,tier_1,Basse,2024-01-25
CUS0004611,tier_2,Ibadan,2025-12-17
CUS0004612,tier_2,Basse,2024-06-03
CUS0004613,tier_2,Kanifing,2025-08-27
CUS0004614,tier_1,Lagos,2025-08-30
CUS0004615,tier_2,Abuja,2025-07-21
CUS0004616,tier_2,Kano,2025-12-07
CUS0004617,tier_3,Kanifing,2024-03-19
CUS0004618,tier_2,Lagos,2025-08-19
CUS0004619,tier_2,Lagos,2023-06-22
CUS0004620,tier_1,Kano,2023-12-04
CUS0004621,tier_1,Kano,2024-03-30
CUS0004622,tier_1,Farafenni,2024-09-20
CUS0004623,tier_2,Banjul,2024-01-09
CUS0004624,tier_1,Kano,2024-03-07
CUS0004625,tier_3,Abuja,2023-05-27
CUS0004626,tier_2,Kano,2023-06-19
CUS0004627,tier_1,Abuja,2023-08-25
CUS0004628,tier_3,Brikama,2024-03-23
CUS0004629,tier_1,Brikama,2023-10-05
CUS0004630,tier_1,Abuja,2025-01-12
CUS0004631,tier_1,Brikama,2024-10-13
CUS0004632,tier_1,Abuja,2023-05-09
CUS0004633,tier_1,Lagos,2024-11-21
CUS0004634,tier_1,Abuja,2025-02-10
CUS0004635,tier_1,Ibadan,2024-06-11
CUS0004636,tier_1,Kano,2023-03-15
CUS0004637,tier_1,Brikama,2023-04-08
CUS0004638,tier_3,Banjul,2024-01-08
CUS0004639,tier_3,Kanifing,2024-03-09
CUS0004640,tier_2,Port Harcourt,2024-05-18
CUS0004641,tier_1,Ibadan,2023-03-25
CUS0004642,tier_2,Abuja,2023-04-02
CUS0004643,tier_1,Basse,2025-02-10
CUS0004644,tier_1,Basse,2023-08-06
CUS0004645,tier_2,Port Harcourt,2025-04-10
CUS0004646,tier_1,Lagos,2023-11-28
CUS0004647,tier_2,Brikama,2023-12-06
CUS0004648,tier_2,Kano,2025-08-24
CUS0004649,tier_1,Lagos,2023-08-30
CUS0004650,tier_1,Lagos,2024-09-09
CUS0004651,tier_3,Lagos,2023-05-01
CUS0004652,tier_2,Ibadan,2024-02-03
CUS0004653,tier_2,Lagos,2024-11-28
CUS0004654,tier_3,Lagos,2022-10-16
CUS0004655,tier_3,Farafenni,2024-09-02
CUS0004656,tier_2,Farafenni,2023-04-06
CUS0004657,tier_2,Banjul,2024-03-30
CUS0004658,tier_1,Kanifing,2023-11-06
CUS0004659,tier_2,Port Harcourt,2024-03-13
CUS0004660,tier_1,Kano,2023-05-29
CUS0004661,tier_2,Basse,2025-08-16
CUS0004662,tier_1,Farafenni,2024-06-14
CUS0004663,tier_2,Lagos,2025-09-02
CUS0004664,tier_1,Farafenni,2025-12-25
CUS0004665,tier_1,Port Harcourt,2023-04-18
CUS0004666,tier_2,Basse,2024-03-16
CUS0004667,tier_1,Lagos,2022-12-29
CUS0004668,tier_1,Farafenni,2025-04-29
CUS0004669,tier_1,Banjul,2024-11-27
CUS0004670,tier_1,Ibadan,2024-06-01
CUS0004671,tier_1,Abuja,2023-08-18
CUS0004672,tier_2,Banjul,2024-04-30
CUS0004673,tier_1,Brikama,2024-05-04
CUS0004674,tier_1,Abuja,2025-07-23
CUS0004675,tier_1,Brikama,2023-07-01
CUS0004676,tier_2,Ibadan,2025-02-13
CUS0004677,tier_2,Lagos,2025-05-25
CUS0004678,tier_3,Kano,2024-06-14
CUS0004679,tier_1,Port Harcourt,2023-06-17
CUS0004680,tier_1,Port Harcourt,2025-04-12
CUS0004681,tier_1,Banjul,2025-04-22
CUS0004682,tier_1,Lagos,2022-11-26
CUS0004683,tier_1,Brikama,2024-03-26
CUS0004684,tier_2,Abuja,2022-12-01
CUS0004685,tier_1,Abuja,2024-03-08
CUS0004686,tier_1,Lagos,2025-10-22
CUS0004687,tier_2,Lagos,2022-10-30
CUS0004688,tier_2,Banjul,2023-02-18
CUS0004689,tier_1,Brikama,2023-03-20
CUS0004690,tier_1,Kanifing,2025-03-20
CUS0004691,tier_1,Ibadan,2025-01-31
CUS0004692,tier_3,Farafenni,2025-06-26
CUS0004693,tier_2,Lagos,2024-02-08
CUS0004694,tier_1,Lagos,2025-08-11
CUS0004695,tier_1,Ibadan,2025-08-26
CUS0004696,tier_1,Abuja,2025-02-17
CUS0004697,tier_1,Kanifing,2024-11-02
CUS0004698,tier_1,Kanifing,2024-07-15
CUS0004699,tier_1,Banjul,2022-11-15
CUS0004700,tier_1,Farafenni,2023-04-26
CUS0004701,tier_1,Farafenni,2024-09-11
CUS0004702,tier_3,Brikama,2023-03-12
CUS0004703,tier_1,Abuja,2023-10-13
CUS0004704,tier_1,Basse,2023-03-29
CUS0004705,tier_1,Abuja,2022-12-01
CUS0004706,tier_1,Farafenni,2025-10-19
CUS0004707,tier_1,Port Harcourt,2023-03-31
CUS0004708,tier_1,Kanifing,2022-09-27
CUS0004709,tier_2,Ibadan,2025-01-29
CUS0004710,tier_1,Brikama,2022-12-29
CUS0004711,tier_1,Port Harcourt,2024-06-03
CUS0004712,tier_1,Lagos,2023-02-19
CUS0004713,tier_1,Farafenni,2024-07-25
CUS0004714,tier_1,Lagos,2024-07-16
CUS0004715,tier_1,Basse,2023-06-21
CUS0004716,tier_1,Port Harcourt,2023-02-17
CUS0004717,tier_2,Farafenni,2024-12-18
CUS0004718,tier_1,Abuja,2025-05-27
CUS0004719,tier_2,Farafenni,2024-11-17
CUS0004720,tier_2,Basse,2024-10-19
CUS0004721,tier_2,Basse,2023-12-23
CUS0004722,tier_1,Farafenni,2022-10-28
CUS0004723,tier_2,Basse,2024-10-13
CUS0004724,tier_1,Basse,2025-12-06
CUS0004725,tier_1,Brikama,2024-02-17
CUS0004726,tier_1,Abuja,2024-03-01
CUS0004727,tier_1,Abuja,2025-01-27
CUS0004728,tier_3,Kano,2022-11-09
CUS0004729,tier_2,Farafenni,2025-07-25
CUS0004730,tier_2,Banjul,2025-10-29
CUS0004731,tier_2,Banjul,2024-06-18
CUS0004732,tier_3,Basse,2023-07-04
CUS0004733,tier_1,Port Harcourt,2025-02-08
CUS0004734,tier_1,Lagos,2024-10-17
CUS0004735,tier_2,Abuja,2023-11-29
CUS0004736,tier_1,Abuja,2025-11-16
CUS0004737,tier_1,Banjul,2025-04-30
CUS0004738,tier_1,Basse,2023-06-10
CUS0004739,tier_3,Farafenni,2025-04-29
CUS0004740,tier_3,Banjul,2023-05-01
CUS0004741,tier_1,Kanifing,2025-07-08
CUS0004742,tier_2,Kano,2022-10-01
CUS0004743,tier_2,Basse,2024-06-26
CUS0004744,tier_1,Port Harcourt,2023-04-24
CUS0004745,tier_1,Brikama,2024-10-16
CUS0004746,tier_1,Abuja,2025-10-31
CUS0004747,tier_1,Abuja,2023-05-23
CUS0004748,tier_1,Banjul,2022-10-07
CUS0004749,tier_2,Kanifing,2024-06-04
CUS0004750,tier_2,Kano,2024-11-11
CUS0004751,tier_2,Banjul,2024-06-23
CUS0004752,tier_3,Farafenni,2024-09-07
CUS0004753,tier_2,Banjul,2025-10-02
CUS0004754,tier_2,Abuja,2022-11-13
CUS0004755,tier_3,Kano,2024-09-13
CUS0004756,tier_2,Banjul,2024-05-24
CUS0004757,tier_1,Port Harcourt,2023-12-10
CUS0004758,tier_1,Kano,2022-12-12
CUS0004759,tier_1,Lagos,2022-11-29
CUS0004760,tier_1,Lagos,2024-01-21
CUS0004761,tier_1,Port Harcourt,2023-10-01
CUS0004762,tier_1,Lagos,2024-05-12
CUS0004763,tier_1,Kano,2022-12-17
CUS0004764,tier_1,Abuja,2025-07-07
CUS0004765,tier_2,Brikama,2024-02-19
CUS0004766,tier_3,Kano,2023-06-22
CUS0004767,tier_2,Brikama,2025-10-05
CUS0004768,tier_1,Brikama,2024-02-01
CUS0004769,tier_1,Brikama,2022-10-14
CUS0004770,tier_1,Farafenni,2023-10-12
CUS0004771,tier_1,Abuja,2025-05-16
CUS0004772,tier_3,Ibadan,2025-10-07
CUS0004773,tier_1,Port Harcourt,2025-12-23
CUS0004774,tier_1,Ibadan,2025-01-28
CUS0004775,tier_2,Lagos,2023-04-05
CUS0004776,tier_1,Lagos,2022-12-04
CUS0004777,tier_3,Ibadan,2023-10-19
CUS0004778,tier_1,Lagos,2023-09-18
CUS0004779,tier_2,Kanifing,2024-09-25
CUS0004780,tier_2,Kano,2025-02-16
CUS0004781,tier_2,Farafenni,2025-12-30
CUS0004782,tier_2,Ibadan,2025-05-25
CUS0004783,tier_1,Kanifing,2024-04-13
CUS0004784,tier_1,Abuja,2024-04-20
CUS0004785,tier_2,Ibadan,2025-06-17
CUS0004786,tier_3,Farafenni,2025-11-13
CUS0004787,tier_1,Basse,2025-04-28
CUS0004788,tier_1,Kanifing,2025-08-16
CUS0004789,tier_1,Kanifing,2023-08-20
CUS0004790,tier_3,Abuja,2025-12-10
CUS0004791,tier_2,Basse,2024-01-29
CUS0004792,tier_1,Farafenni,2024-04-18
CUS0004793,tier_1,Port Harcourt,2023-04-27
CUS0004794,tier_2,Port Harcourt,2025-10-07
CUS0004795,tier_2,Banjul,2023-03-14
CUS0004796,tier_1,Banjul,2024-07-26
CUS0004797,tier_2,Abuja,2022-12-24
CUS0004798,tier_2,Abuja,2024-01-13
CUS0004799,tier_3,Kano,2025-11-06
CUS0004800,tier_1,Kano,2025-07-07
CUS0004801,tier_1,Ibadan,2025-06-26
CUS0004802,tier_1,Kanifing,2023-06-14
CUS0004803,tier_1,Lagos,2024-08-24
CUS0004804,tier_2,Kano,2025-10-22
CUS0004805,tier_1,Ibadan,2023-06-21
CUS0004806,tier_1,Abuja,2025-06-20
CUS0004807,tier_1,Brikama,2025-11-04
CUS0004808,tier_3,Kano,2025-08-12
CUS0004809,tier_1,Kano,2024-06-17
CUS0004810,tier_2,Abuja,2022-12-30
CUS0004811,tier_2,Banjul,2024-07-31
CUS0004812,tier_2,Ibadan,2023-04-01
CUS0004813,tier_1,Kano,2024-05-10
CUS0004814,tier_2,Banjul,2024-05-16
CUS0004815,tier_2,Abuja,2025-05-21
CUS0004816,tier_2,Kanifing,2024-11-19
CUS0004817,tier_1,Farafenni,2025-12-20
CUS0004818,tier_1,Brikama,2023-11-21
CUS0004819,tier_1,Brikama,2024-09-30
CUS0004820,tier_1,Port Harcourt,2023-03-27
CUS0004821,tier_1,Kano,2025-05-08
CUS0004822,tier_1,Brikama,2025-04-05
CUS0004823,tier_2,Port Harcourt,2022-11-05
CUS0004824,tier_1,Kano,2023-12-12
CUS0004825,tier_2,Abuja,2025-11-19
CUS0004826,tier_2,Lagos,2022-12-14
CUS0004827,tier_1,Kano,2025-10-24
CUS0004828,tier_1,Ibadan,2023-08-20
CUS0004829,tier_1,Kanifing,2024-07-11
CUS0004830,tier_2,Lagos,2023-05-04
CUS0004831,tier_1,Farafenni,2025-03-25
CUS0004832,tier_1,Brikama,2025-07-08
CUS0004833,tier_2,Farafenni,2023-07-02
CUS0004834,tier_2,Ibadan,2023-11-28
CUS0004835,tier_2,Kano,2025-08-17
CUS0004836,tier_3,Brikama,2022-09-26
CUS0004837,tier_1,Ibadan,2025-10-11
CUS0004838,tier_1,Brikama,2024-04-25
CUS0004839,tier_1,Abuja,2025-12-09
CUS0004840,tier_1,Ibadan,2025-12-07
CUS0004841,tier_1,Basse,2022-09-19
CUS0004842,tier_1,Basse,2025-03-26
CUS0004843,tier_1,Farafenni,2023-04-23
CUS0004844,tier_2,Farafenni,2023-05-04
CUS0004845,tier_1,Farafenni,2025-06-12
CUS0004846,tier_1,Ibadan,2022-12-19
CUS0004847,tier_2,Kanifing,2025-03-07
CUS0004848,tier_2,Ibadan,2025-03-09
CUS0004849,tier_2,Kanifing,2023-04-28
CUS0004850,tier_1,Kanifing,2022-10-29
CUS0004851,tier_1,Abuja,2023-12-22
CUS0004852,tier_3,Basse,2023-09-21
CUS0004853,tier_1,Abuja,2025-10-05
CUS0004854,tier_2,Abuja,2025-11-05
CUS0004855,tier_1,Lagos,2023-10-23
CUS0004856,tier_1,Farafenni,2025-04-15
CUS0004857,tier_1,Ibadan,2023-09-21
CUS0004858,tier_2,Brikama,2024-08-24
CUS0004859,tier_2,Basse,2023-03-19
CUS0004860,tier_2,Abuja,2025-10-29
CUS0004861,tier_1,Ibadan,2025-07-11
CUS0004862,tier_2,Brikama,2025-10-11
CUS0004863,tier_1,Abuja,2024-06-04
CUS0004864,tier_1,Lagos,2024-04-19
CUS0004865,tier_2,Port Harcourt,2024-03-02
CUS0004866,tier_3,Kano,2023-02-18
CUS0004867,tier_1,Port Harcourt,2022-11-10
CUS0004868,tier_3,Port Harcourt,2022-10-13
CUS0004869,tier_1,Lagos,2025-06-28
CUS0004870,tier_2,Lagos,2023-01-05
CUS0004871,tier_1,Kanifing,2024-08-03
CUS0004872,tier_2,Basse,2024-05-19
CUS0004873,tier_2,Farafenni,2024-03-30
CUS0004874,tier_3,Lagos,2024-08-28
CUS0004875,tier_2,Lagos,2024-04-13
CUS0004876,tier_1,Lagos,2023-02-05
CUS0004877,tier_2,Basse,2024-07-09
CUS0004878,tier_2,Farafenni,2025-03-21
CUS0004879,tier_2,Basse,2024-12-07
CUS0004880,tier_2,Lagos,2022-12-16
CUS0004881,tier_2,Farafenni,2023-05-29
CUS0004882,tier_2,Brikama,2025-05-05
CUS0004883,tier_2,Basse,2024-08-13
CUS0004884,tier_1,Lagos,2024-12-22
CUS0004885,tier_2,Kano,2023-11-25
CUS0004886,tier_1,Kano,2024-06-25
CUS0004887,tier_3,Kano,2022-12-27
CUS0004888,tier_1,Basse,2025-08-06
CUS0004889,tier_1,Abuja,2022-11-30
CUS0004890,tier_3,Banjul,2025-08-17
CUS0004891,tier_1,Basse,2023-03-24
CUS0004892,tier_1,Ibadan,2022-09-23
CUS0004893,tier_2,Ibadan,2022-10-26
CUS0004894,tier_1,Basse,2025-09-18
CUS0004895,tier_3,Kano,2025-05-24
CUS0004896,tier_1,Abuja,2024-03-30
CUS0004897,tier_1,Brikama,2025-04-24
CUS0004898,tier_1,Banjul,2025-10-08
CUS0004899,tier_2,Basse,2025-05-25
CUS0004900,tier_1,Basse,2025-04-15
CUS0004901,tier_2,Abuja,2024-11-07
CUS0004902,tier_1,Port Harcourt,2025-08-31
CUS0004903,tier_1,Lagos,2024-06-12
CUS0004904,tier_1,Farafenni,2024-09-15
CUS0004905,tier_1,Port Harcourt,2022-10-20
CUS0004906,tier_2,Ibadan,2024-01-07
CUS0004907,tier_2,Brikama,2025-11-14
CUS0004908,tier_2,Lagos,2024-10-07
CUS0004909,tier_1,Abuja,2024-11-10
CUS0004910,tier_1,Banjul,2025-02-06
CUS0004911,tier_1,Port Harcourt,2024-06-27
CUS0004912,tier_2,Kanifing,2025-06-19
CUS0004913,tier_1,Abuja,2024-10-05
CUS0004914,tier_1,Port Harcourt,2025-01-26
CUS0004915,tier_2,Farafenni,2024-06-07
CUS0004916,tier_1,Farafenni,2024-04-09
CUS0004917,tier_1,Port Harcourt,2023-11-01
CUS0004918,tier_1,Farafenni,2025-06-09
CUS0004919,tier_2,Abuja,2023-07-06
CUS0004920,tier_1,Abuja,2023-11-14
CUS0004921,tier_1,Basse,2024-11-06
CUS0004922,tier_2,Kano,2023-07-21
CUS0004923,tier_2,Ibadan,2024-01-30
CUS0004924,tier_1,Kano,2023-02-26
CUS0004925,tier_2,Kano,2024-11-06
CUS0004926,tier_1,Kanifing,2023-11-19
CUS0004927,tier_1,Abuja,2024-11-02
CUS0004928,tier_1,Lagos,2023-09-24
CUS0004929,tier_1,Basse,2024-09-15
CUS0004930,tier_1,Kano,2025-11-12
CUS0004931,tier_2,Port Harcourt,2024-08-19
CUS0004932,tier_2,Kanifing,2023-06-19
CUS0004933,tier_2,Banjul,2023-10-27
CUS0004934,tier_2,Lagos,2023-11-12
CUS0004935,tier_1,Abuja,2023-07-03
CUS0004936,tier_3,Kanifing,2023-07-20
CUS0004937,tier_1,Farafenni,2024-06-28
CUS0004938,tier_1,Basse,2023-04-26
CUS0004939,tier_1,Farafenni,2022-09-19
CUS0004940,tier_2,Port Harcourt,2023-01-09
CUS0004941,tier_2,Banjul,2023-11-11
CUS0004942,tier_1,Farafenni,2025-06-30
CUS0004943,tier_2,Brikama,2025-06-25
CUS0004944,tier_2,Ibadan,2025-09-20
CUS0004945,tier_1,Ibadan,2024-07-27
CUS0004946,tier_1,Basse,2025-03-16
CUS0004947,tier_2,Basse,2024-12-16
CUS0004948,tier_1,Basse,2025-01-24
CUS0004949,tier_1,Farafenni,2025-06-26
CUS0004950,tier_2,Port Harcourt,2025-01-05
CUS0004951,tier_1,Kano,2023-08-18
CUS0004952,tier_2,Farafenni,2025-11-26
CUS0004953,tier_2,Farafenni,2025-07-27
CUS0004954,tier_1,Kanifing,2024-06-28
CUS0004955,tier_2,Brikama,2023-01-03
CUS0004956,tier_1,Kano,2022-11-24
CUS0004957,tier_2,Brikama,2025-02-22
CUS0004958,tier_1,Brikama,2024-08-15
CUS0004959,tier_2,Lagos,2025-01-14
CUS0004960,tier_2,Ibadan,2025-11-19
CUS0004961,tier_1,Banjul,2023-10-17
CUS0004962,tier_1,Banjul,2023-05-16
CUS0004963,tier_1,Brikama,2024-08-23
CUS0004964,tier_2,Lagos,2022-10-13
CUS0004965,tier_2,Kano,2024-08-15
CUS0004966,tier_1,Kanifing,2024-08-10
CUS0004967,tier_1,Port Harcourt,2025-10-06
CUS0004968,tier_1,Abuja,2025-03-28
CUS0004969,tier_1,Kano,2023-01-13
CUS0004970,tier_2,Abuja,2022-11-30
CUS0004971,tier_1,Abuja,2023-01-21
CUS0004972,tier_1,Ibadan,2024-01-07
CUS0004973,tier_2,Port Harcourt,2023-09-24
CUS0004974,tier_2,Ibadan,2023-09-19
CUS0004975,tier_1,Kano,2025-04-17
CUS0004976,tier_2,Farafenni,2025-08-03
CUS0004977,tier_2,Lagos,2024-04-29
CUS0004978,tier_1,Abuja,2023-11-09
CUS0004979,tier_1,Lagos,2025-11-13
CUS0004980,tier_1,Farafenni,2025-11-29
CUS0004981,tier_1,Brikama,2023-06-24
CUS0004982,tier_2,Brikama,2024-04-22
CUS0004983,tier_1,Brikama,2025-11-28
CUS0004984,tier_3,Kano,2024-08-01
CUS0004985,tier_1,Kano,2023-05-24
CUS0004986,tier_1,Farafenni,2023-05-28
CUS0004987,tier_1,Banjul,2024-08-16
CUS0004988,tier_3,Kanifing,2024-05-05
CUS0004989,tier_1,Lagos,2023-05-24
CUS0004990,tier_3,Abuja,2025-07-25
CUS0004991,tier_2,Lagos,2023-02-16
CUS0004992,tier_2,Banjul,2023-04-25
CUS0004993,tier_1,Lagos,2024-11-30
CUS0004994,tier_1,Ibadan,2025-01-26
CUS0004995,tier_1,Kanifing,2025-03-08
CUS0004996,tier_2,Ibadan,2024-06-27
CUS0004997,tier_1,Ibadan,2024-10-10
CUS0004998,tier_2,Lagos,2025-11-12
CUS0004999,tier_1,Lagos,2023-06-03
CUS0005000,tier_1,Lagos,2024-05-27
CUS0005001,tier_1,Ibadan,2022-09-19
CUS0005002,tier_1,Kano,2023-04-08
CUS0005003,tier_1,Ibadan,2025-10-18
CUS0005004,tier_2,Ibadan,2022-10-29
CUS0005005,tier_1,Brikama,2023-11-19
CUS0005006,tier_1,Kano,2024-07-02
CUS0005007,tier_1,Farafenni,2025-06-24
CUS0005008,tier_2,Basse,2023-10-16
CUS0005009,tier_1,Banjul,2024-04-20
CUS0005010,tier_1,Brikama,2024-11-28
CUS0005011,tier_1,Farafenni,2023-08-29
CUS0005012,tier_2,Brikama,2023-08-10
CUS0005013,tier_1,Basse,2024-10-26
CUS0005014,tier_1,Kanifing,2025-01-31
CUS0005015,tier_2,Basse,2023-04-18
CUS0005016,tier_2,Farafenni,2023-05-17
CUS0005017,tier_3,Brikama,2023-03-27
CUS0005018,tier_1,Kano,2024-01-30
CUS0005019,tier_2,Lagos,2023-05-16
CUS0005020,tier_3,Basse,2022-10-07
CUS0005021,tier_2,Lagos,2024-03-03
CUS0005022,tier_1,Port Harcourt,2023-01-31
CUS0005023,tier_2,Port Harcourt,2024-08-16
CUS0005024,tier_1,Banjul,2023-07-27
CUS0005025,tier_1,Lagos,2023-02-23
CUS0005026,tier_1,Abuja,2025-09-17
CUS0005027,tier_3,Basse,2024-07-22
CUS0005028,tier_1,Brikama,2022-11-21
CUS0005029,tier_1,Farafenni,2024-08-09
CUS0005030,tier_1,Brikama,2025-06-13
CUS0005031,tier_2,Ibadan,2023-12-19
CUS0005032,tier_1,Abuja,2023-08-26
CUS0005033,tier_2,Basse,2025-07-18
CUS0005034,tier_1,Port Harcourt,2023-04-21
CUS0005035,tier_3,Kanifing,2024-03-29
CUS0005036,tier_3,Banjul,2023-07-23
CUS0005037,tier_1,Abuja,2025-02-19
CUS0005038,tier_1,Banjul,2024-02-17
CUS0005039,tier_3,Kanifing,2024-04-10
CUS0005040,tier_1,Kano,2023-10-12
CUS0005041,tier_2,Abuja,2023-08-04
CUS0005042,tier_2,Basse,2024-08-20
CUS0005043,tier_2,Brikama,2024-02-12
CUS0005044,tier_1,Lagos,2023-11-21
CUS0005045,tier_2,Kanifing,2025-07-16
CUS0005046,tier_1,Banjul,2025-02-27
CUS0005047,tier_1,Kano,2025-06-25
CUS0005048,tier_3,Brikama,2025-09-17
CUS0005049,tier_1,Brikama,2025-10-26
CUS0005050,tier_1,Lagos,2023-12-31
CUS0005051,tier_2,Kanifing,2025-10-10
CUS0005052,tier_1,Basse,2024-02-24
CUS0005053,tier_1,Port Harcourt,2025-07-16
CUS0005054,tier_3,Port Harcourt,2025-12-31
CUS0005055,tier_2,Farafenni,2025-01-17
CUS0005056,tier_2,Kano,2025-05-25
CUS0005057,tier_1,Basse,2023-01-19
CUS0005058,tier_1,Port Harcourt,2024-05-28
CUS0005059,tier_1,Kano,2024-07-17
CUS0005060,tier_1,Ibadan,2025-06-18
CUS0005061,tier_1,Farafenni,2024-05-29
CUS0005062,tier_1,Lagos,2025-02-01
CUS0005063,tier_2,Kano,2023-12-28
CUS0005064,tier_3,Basse,2024-05-09
CUS0005065,tier_2,Abuja,2023-08-28
CUS0005066,tier_2,Farafenni,2024-04-07
CUS0005067,tier_2,Farafenni,2024-08-26
CUS0005068,tier_1,Brikama,2025-10-17
CUS0005069,tier_1,Port Harcourt,2025-05-04
CUS0005070,tier_1,Kano,2025-04-17
CUS0005071,tier_1,Kanifing,2024-06-01
CUS0005072,tier_2,Lagos,2022-10-02
CUS0005073,tier_1,Kano,2023-07-24
CUS0005074,tier_1,Ibadan,2024-04-21
CUS0005075,tier_3,Farafenni,2023-05-07
CUS0005076,tier_2,Lagos,2025-02-14
CUS0005077,tier_1,Lagos,2025-08-18
CUS0005078,tier_1,Basse,2023-10-26
CUS0005079,tier_1,Kano,2023-05-27
CUS0005080,tier_2,Abuja,2024-03-09
CUS0005081,tier_1,Lagos,2023-08-20
CUS0005082,tier_2,Port Harcourt,2024-12-20
CUS0005083,tier_1,Brikama,2024-08-05
CUS0005084,tier_1,Kano,2024-02-15
CUS0005085,tier_1,Brikama,2024-08-27
CUS0005086,tier_1,Kano,2024-06-10
CUS0005087,tier_3,Brikama,2023-08-29
CUS0005088,tier_1,Banjul,2023-12-24
CUS0005089,tier_2,Port Harcourt,2023-11-29
CUS0005090,tier_1,Kanifing,2023-04-18
CUS0005091,tier_2,Ibadan,2024-11-13
CUS0005092,tier_1,Lagos,2023-03-03
CUS0005093,tier_1,Abuja,2023-01-14
CUS0005094,tier_3,Port Harcourt,2024-11-24
CUS0005095,tier_1,Banjul,2023-06-14
CUS0005096,tier_3,Port Harcourt,2022-12-07
CUS0005097,tier_1,Kano,2025-10-01
CUS0005098,tier_1,Banjul,2023-09-19
CUS0005099,tier_2,Kanifing,2023-05-05
CUS0005100,tier_2,Abuja,2023-05-27
CUS0005101,tier_3,Port Harcourt,2022-10-17
CUS0005102,tier_1,Lagos,2024-10-01
CUS0005103,tier_1,Basse,2025-10-13
CUS0005104,tier_2,Port Harcourt,2024-07-29
CUS0005105,tier_1,Banjul,2023-01-10
CUS0005106,tier_1,Farafenni,2023-06-25
CUS0005107,tier_1,Banjul,2023-08-04
CUS0005108,tier_1,Kanifing,2024-06-19
CUS0005109,tier_1,Ibadan,2023-08-31
CUS0005110,tier_1,Basse,2025-09-18
CUS0005111,tier_1,Port Harcourt,2024-10-20
CUS0005112,tier_1,Ibadan,2024-05-22
CUS0005113,tier_2,Farafenni,2023-10-27
CUS0005114,tier_2,Lagos,2025-01-03
CUS0005115,tier_1,Farafenni,2025-12-02
CUS0005116,tier_2,Kanifing,2024-02-27
CUS0005117,tier_2,Kano,2025-11-19
CUS0005118,tier_1,Basse,2025-01-19
CUS0005119,tier_2,Basse,2023-09-02
CUS0005120,tier_1,Abuja,2024-11-09
CUS0005121,tier_2,Lagos,2025-06-15
CUS0005122,tier_2,Basse,2024-04-07
CUS0005123,tier_3,Ibadan,2025-08-13
CUS0005124,tier_1,Brikama,2025-04-27
CUS0005125,tier_2,Banjul,2024-08-28
CUS0005126,tier_1,Basse,2024-12-30
CUS0005127,tier_1,Kano,2024-02-09
CUS0005128,tier_1,Ibadan,2023-05-24
CUS0005129,tier_1,Kano,2024-06-10
CUS0005130,tier_2,Lagos,2025-06-26
CUS0005131,tier_1,Abuja,2024-12-09
CUS0005132,tier_1,Basse,2025-11-24
CUS0005133,tier_3,Port Harcourt,2025-07-08
CUS0005134,tier_3,Brikama,2025-03-08
CUS0005135,tier_1,Ibadan,2023-01-01
CUS0005136,tier_1,Lagos,2025-10-31
CUS0005137,tier_1,Abuja,2023-07-30
CUS0005138,tier_1,Ibadan,2023-09-29
CUS0005139,tier_1,Farafenni,2023-04-16
CUS0005140,tier_2,Kanifing,2024-09-23
CUS0005141,tier_2,Kano,2022-11-16
CUS0005142,tier_2,Abuja,2024-03-12
CUS0005143,tier_2,Farafenni,2025-10-07
CUS0005144,tier_1,Farafenni,2025-12-24
CUS0005145,tier_2,Banjul,2023-11-30
CUS0005146,tier_2,Abuja,2025-12-16
CUS0005147,tier_3,Kano,2025-07-10
CUS0005148,tier_1,Kanifing,2023-01-30
CUS0005149,tier_2,Kanifing,2025-03-28
CUS0005150,tier_1,Ibadan,2022-11-28
CUS0005151,tier_2,Lagos,2025-04-30
CUS0005152,tier_2,Banjul,2024-03-22
CUS0005153,tier_1,Ibadan,2023-08-13
CUS0005154,tier_1,Kanifing,2025-09-10
CUS0005155,tier_3,Brikama,2024-07-21
CUS0005156,tier_2,Brikama,2024-06-05
CUS0005157,tier_1,Abuja,2025-08-01
CUS0005158,tier_3,Lagos,2025-07-31
CUS0005159,tier_1,Basse,2023-09-20
CUS0005160,tier_1,Basse,2024-02-29
CUS0005161,tier_1,Kanifing,2025-03-25
CUS0005162,tier_3,Port Harcourt,2025-06-09
CUS0005163,tier_1,Kanifing,2024-07-08
CUS0005164,tier_2,Lagos,2025-04-22
CUS0005165,tier_1,Farafenni,2022-09-26
CUS0005166,tier_2,Farafenni,2025-09-22
CUS0005167,tier_1,Ibadan,2022-12-19
CUS0005168,tier_3,Kanifing,2022-12-03
CUS0005169,tier_3,Ibadan,2024-05-02
CUS0005170,tier_3,Basse,2025-06-09
CUS0005171,tier_2,Banjul,2024-04-02
CUS0005172,tier_3,Abuja,2025-06-24
CUS0005173,tier_2,Basse,2025-09-16
CUS0005174,tier_1,Kanifing,2025-12-23
CUS0005175,tier_1,Kano,2025-10-05
CUS0005176,tier_1,Lagos,2023-09-22
CUS0005177,tier_1,Basse,2025-02-09
CUS0005178,tier_2,Ibadan,2024-08-11
CUS0005179,tier_1,Brikama,2024-12-17
CUS0005180,tier_2,Port Harcourt,2025-06-02
CUS0005181,tier_2,Banjul,2023-05-13
CUS0005182,tier_1,Brikama,2025-01-19
CUS0005183,tier_2,Ibadan,2024-08-30
CUS0005184,tier_3,Banjul,2023-01-25
CUS0005185,tier_2,Port Harcourt,2024-12-12
CUS0005186,tier_1,Farafenni,2025-09-01
CUS0005187,tier_1,Port Harcourt,2023-10-28
CUS0005188,tier_1,Ibadan,2024-05-11
CUS0005189,tier_1,Abuja,2023-09-11
CUS0005190,tier_3,Basse,2024-06-28
CUS0005191,tier_1,Kanifing,2023-08-24
CUS0005192,tier_1,Port Harcourt,2023-03-18
CUS0005193,tier_1,Kanifing,2023-09-23
CUS0005194,tier_2,Basse,2025-04-13
CUS0005195,tier_2,Port Harcourt,2025-04-30
CUS0005196,tier_3,Farafenni,2025-04-04
CUS0005197,tier_2,Farafenni,2024-08-07
CUS0005198,tier_2,Kanifing,2023-10-15
CUS0005199,tier_1,Farafenni,2024-06-13
CUS0005200,tier_3,Port Harcourt,2025-12-26
CUS0005201,tier_2,Kanifing,2025-12-03
CUS0005202,tier_1,Lagos,2024-11-04
CUS0005203,tier_1,Brikama,2025-04-23
CUS0005204,tier_2,Lagos,2023-09-12
CUS0005205,tier_1,Ibadan,2024-06-16
CUS0005206,tier_1,Farafenni,2025-03-08
CUS0005207,tier_1,Lagos,2024-12-11
CUS0005208,tier_2,Farafenni,2023-04-03
CUS0005209,tier_1,Basse,2023-07-20
CUS0005210,tier_1,Banjul,2023-07-28
CUS0005211,tier_1,Banjul,2025-08-31
CUS0005212,tier_2,Ibadan,2024-05-18
CUS0005213,tier_1,Kanifing,2024-05-22
CUS0005214,tier_1,Basse,2025-01-03
CUS0005215,tier_1,Banjul,2023-05-07
CUS0005216,tier_2,Ibadan,2025-08-20
CUS0005217,tier_2,Lagos,2024-04-20
CUS0005218,tier_2,Kano,2024-11-15
CUS0005219,tier_2,Basse,2023-04-30
CUS0005220,tier_3,Basse,2025-02-06
CUS0005221,tier_1,Kano,2025-04-02
CUS0005222,tier_1,Farafenni,2023-04-11
CUS0005223,tier_1,Ibadan,2023-02-22
CUS0005224,tier_2,Brikama,2025-05-21
CUS0005225,tier_1,Lagos,2023-01-27
CUS0005226,tier_1,Kanifing,2024-06-23
CUS0005227,tier_2,Ibadan,2024-04-05
CUS0005228,tier_2,Banjul,2025-08-25
CUS0005229,tier_2,Kanifing,2024-08-24
CUS0005230,tier_2,Basse,2024-08-18
CUS0005231,tier_2,Ibadan,2022-10-12
CUS0005232,tier_2,Ibadan,2024-12-22
CUS0005233,tier_2,Ibadan,2025-12-25
CUS0005234,tier_1,Banjul,2024-03-01
CUS0005235,tier_2,Ibadan,2023-08-25
CUS0005236,tier_2,Banjul,2023-04-21
CUS0005237,tier_1,Kanifing,2024-04-13
CUS0005238,tier_2,Abuja,2024-08-04
CUS0005239,tier_2,Basse,2024-11-18
CUS0005240,tier_2,Port Harcourt,2022-10-31
CUS0005241,tier_2,Kanifing,2023-11-14
CUS0005242,tier_1,Farafenni,2024-08-17
CUS0005243,tier_1,Lagos,2024-01-01
CUS0005244,tier_1,Farafenni,2023-01-06
CUS0005245,tier_1,Farafenni,2023-08-02
CUS0005246,tier_3,Banjul,2025-07-28
CUS0005247,tier_1,Brikama,2024-09-14
CUS0005248,tier_1,Banjul,2024-11-07
CUS0005249,tier_1,Ibadan,2025-08-05
CUS0005250,tier_1,Ibadan,2023-07-12
CUS0005251,tier_2,Farafenni,2024-10-18
CUS0005252,tier_1,Kanifing,2025-10-18
CUS0005253,tier_1,Port Harcourt,2023-09-16
CUS0005254,tier_1,Basse,2023-06-24
CUS0005255,tier_2,Kanifing,2024-02-03
CUS0005256,tier_3,Port Harcourt,2025-05-02
CUS0005257,tier_1,Basse,2022-12-28
CUS0005258,tier_2,Farafenni,2025-10-02
CUS0005259,tier_1,Basse,2022-12-19
CUS0005260,tier_1,Banjul,2023-04-04
CUS0005261,tier_2,Farafenni,2023-09-10
CUS0005262,tier_2,Kanifing,2025-07-03
CUS0005263,tier_1,Farafenni,2022-10-10
CUS0005264,tier_1,Abuja,2024-01-17
CUS0005265,tier_3,Kano,2022-11-18
CUS0005266,tier_2,Banjul,2025-06-15
CUS0005267,tier_3,Port Harcourt,2025-11-18
CUS0005268,tier_2,Farafenni,2025-01-13
CUS0005269,tier_2,Farafenni,2025-09-30
CUS0005270,tier_2,Farafenni,2024-10-29
CUS0005271,tier_1,Basse,2023-06-02
CUS0005272,tier_1,Kano,2024-09-25
CUS0005273,tier_2,Banjul,2025-05-04
CUS0005274,tier_2,Farafenni,2023-12-12
CUS0005275,tier_2,Basse,2023-07-31
CUS0005276,tier_1,Kanifing,2025-02-09
CUS0005277,tier_1,Banjul,2025-01-15
CUS0005278,tier_1,Ibadan,2025-01-07
CUS0005279,tier_2,Abuja,2025-05-23
CUS0005280,tier_1,Brikama,2024-10-24
CUS0005281,tier_1,Abuja,2025-05-23
CUS0005282,tier_1,Brikama,2024-07-04
CUS0005283,tier_2,Ibadan,2023-01-09
CUS0005284,tier_3,Port Harcourt,2022-09-19
CUS0005285,tier_3,Kano,2025-02-12
CUS0005286,tier_2,Port Harcourt,2023-01-05
CUS0005287,tier_2,Farafenni,2023-06-26
CUS0005288,tier_1,Port Harcourt,2023-07-04
CUS0005289,tier_1,Basse,2024-10-19
CUS0005290,tier_3,Banjul,2024-11-25
CUS0005291,tier_1,Abuja,2022-12-31
CUS0005292,tier_1,Kanifing,2022-09-28
CUS0005293,tier_1,Brikama,2025-09-12
CUS0005294,tier_1,Ibadan,2025-05-14
CUS0005295,tier_2,Abuja,2022-09-29
CUS0005296,tier_2,Brikama,2025-09-14
CUS0005297,tier_1,Ibadan,2024-09-13
CUS0005298,tier_2,Farafenni,2025-09-19
CUS0005299,tier_1,Port Harcourt,2022-12-14
CUS0005300,tier_2,Farafenni,2022-12-24
CUS0005301,tier_2,Lagos,2023-01-21
CUS0005302,tier_1,Basse,2024-07-15
CUS0005303,tier_1,Brikama,2024-12-31
CUS0005304,tier_1,Kano,2024-11-06
CUS0005305,tier_1,Farafenni,2025-07-01
CUS0005306,tier_1,Port Harcourt,2023-07-10
CUS0005307,tier_1,Ibadan,2025-07-20
CUS0005308,tier_2,Lagos,2023-06-02
CUS0005309,tier_1,Basse,2024-02-09
CUS0005310,tier_1,Banjul,2025-11-06
CUS0005311,tier_2,Banjul,2025-10-30
CUS0005312,tier_1,Brikama,2022-09-19
CUS0005313,tier_1,Farafenni,2023-04-22
CUS0005314,tier_3,Kanifing,2023-07-16
CUS0005315,tier_2,Ibadan,2023-12-02
CUS0005316,tier_1,Port Harcourt,2025-11-09
CUS0005317,tier_2,Lagos,2024-03-31
CUS0005318,tier_1,Kanifing,2023-03-05
CUS0005319,tier_2,Basse,2024-07-15
CUS0005320,tier_1,Ibadan,2025-03-04
CUS0005321,tier_2,Port Harcourt,2022-12-22
CUS0005322,tier_1,Kano,2023-01-27
CUS0005323,tier_3,Kanifing,2025-02-26
CUS0005324,tier_1,Basse,2023-03-11
CUS0005325,tier_2,Banjul,2024-03-28
CUS0005326,tier_1,Banjul,2023-02-27
CUS0005327,tier_1,Banjul,2025-10-02
CUS0005328,tier_2,Banjul,2024-07-14
CUS0005329,tier_2,Abuja,2024-01-24
CUS0005330,tier_2,Kanifing,2023-12-22
CUS0005331,tier_2,Basse,2023-01-11
CUS0005332,tier_1,Abuja,2022-11-04
CUS0005333,tier_1,Abuja,2025-03-01
CUS0005334,tier_2,Ibadan,2024-09-21
CUS0005335,tier_3,Lagos,2025-09-22
CUS0005336,tier_1,Brikama,2022-10-07
CUS0005337,tier_1,Banjul,2022-11-26
CUS0005338,tier_2,Kano,2025-09-14
CUS0005339,tier_1,Farafenni,2023-09-13
CUS0005340,tier_2,Port Harcourt,2022-11-14
CUS0005341,tier_1,Lagos,2025-11-27
CUS0005342,tier_2,Ibadan,2024-12-18
CUS0005343,tier_1,Banjul,2024-07-01
CUS0005344,tier_2,Kanifing,2023-10-21
CUS0005345,tier_1,Ibadan,2025-04-21
CUS0005346,tier_2,Ibadan,2025-12-21
CUS0005347,tier_1,Basse,2025-01-02
CUS0005348,tier_1,Kano,2023-03-17
CUS0005349,tier_2,Farafenni,2023-02-09
CUS0005350,tier_1,Farafenni,2023-01-14
CUS0005351,tier_2,Abuja,2024-07-01
CUS0005352,tier_1,Kanifing,2025-03-17
CUS0005353,tier_2,Port Harcourt,2024-05-06
CUS0005354,tier_2,Ibadan,2022-10-18
CUS0005355,tier_2,Basse,2023-09-19
CUS0005356,tier_1,Banjul,2024-08-21
CUS0005357,tier_2,Brikama,2023-12-08
CUS0005358,tier_2,Ibadan,2023-08-02
CUS0005359,tier_1,Basse,2024-08-03
CUS0005360,tier_1,Banjul,2023-10-24
CUS0005361,tier_1,Abuja,2025-02-14
CUS0005362,tier_1,Lagos,2024-05-15
CUS0005363,tier_2,Banjul,2024-12-14
CUS0005364,tier_1,Farafenni,2023-12-07
CUS0005365,tier_1,Brikama,2024-05-09
CUS0005366,tier_1,Banjul,2025-07-11
CUS0005367,tier_1,Basse,2023-09-11
CUS0005368,tier_2,Basse,2023-02-15
CUS0005369,tier_2,Ibadan,2023-03-03
CUS0005370,tier_3,Banjul,2024-09-25
CUS0005371,tier_2,Lagos,2024-08-24
CUS0005372,tier_2,Ibadan,2023-02-03
CUS0005373,tier_1,Basse,2024-02-21
CUS0005374,tier_2,Brikama,2023-05-23
CUS0005375,tier_2,Banjul,2024-02-04
CUS0005376,tier_1,Banjul,2024-05-14
CUS0005377,tier_1,Farafenni,2024-10-30
CUS0005378,tier_3,Lagos,2024-11-29
CUS0005379,tier_2,Basse,2024-03-26
CUS0005380,tier_2,Kanifing,2023-10-15
CUS0005381,tier_2,Brikama,2025-06-05
CUS0005382,tier_1,Port Harcourt,2023-06-14
CUS0005383,tier_1,Kanifing,2022-12-13
CUS0005384,tier_1,Farafenni,2024-08-25
CUS0005385,tier_2,Farafenni,2023-03-29
CUS0005386,tier_1,Abuja,2024-03-10
CUS0005387,tier_3,Banjul,2023-09-21
CUS0005388,tier_2,Kanifing,2025-07-13
CUS0005389,tier_3,Port Harcourt,2023-03-03
CUS0005390,tier_1,Lagos,2023-10-26
CUS0005391,tier_1,Ibadan,2023-09-20
CUS0005392,tier_2,Ibadan,2025-12-14
CUS0005393,tier_1,Brikama,2024-10-30
CUS0005394,tier_2,Banjul,2025-05-27
CUS0005395,tier_1,Abuja,2025-05-16
CUS0005396,tier_1,Port Harcourt,2023-01-24
CUS0005397,tier_3,Farafenni,2023-11-20
CUS0005398,tier_1,Kano,2024-07-09
CUS0005399,tier_2,Port Harcourt,2025-04-30
CUS0005400,tier_3,Abuja,2025-12-25
CUS0005401,tier_2,Farafenni,2023-10-21
CUS0005402,tier_1,Lagos,2025-04-01
CUS0005403,tier_2,Kanifing,2024-04-03
CUS0005404,tier_2,Kanifing,2023-01-19
CUS0005405,tier_2,Port Harcourt,2024-05-23
CUS0005406,tier_1,Basse,2024-09-25
CUS0005407,tier_1,Ibadan,2023-04-29
CUS0005408,tier_1,Banjul,2025-03-21
CUS0005409,tier_2,Abuja,2024-11-28
CUS0005410,tier_1,Brikama,2024-10-16
CUS0005411,tier_2,Ibadan,2025-03-04
CUS0005412,tier_1,Kano,2024-06-16
CUS0005413,tier_1,Abuja,2025-07-27
CUS0005414,tier_1,Banjul,2024-05-08
CUS0005415,tier_1,Ibadan,2023-09-19
CUS0005416,tier_3,Banjul,2023-12-11
CUS0005417,tier_2,Lagos,2024-09-01
CUS0005418,tier_1,Abuja,2023-08-07
CUS0005419,tier_1,Banjul,2023-02-02
CUS0005420,tier_2,Kanifing,2025-04-12
CUS0005421,tier_1,Banjul,2025-10-06
CUS0005422,tier_3,Banjul,2023-01-31
CUS0005423,tier_2,Lagos,2023-10-24
CUS0005424,tier_1,Port Harcourt,2025-07-03
CUS0005425,tier_2,Banjul,2023-11-01
CUS0005426,tier_1,Kano,2025-08-05
CUS0005427,tier_1,Farafenni,2025-06-10
CUS0005428,tier_3,Farafenni,2024-07-29
CUS0005429,tier_2,Lagos,2025-09-16
CUS0005430,tier_2,Ibadan,2022-12-01
CUS0005431,tier_1,Port Harcourt,2025-05-23
CUS0005432,tier_1,Kano,2023-08-15
CUS0005433,tier_2,Brikama,2024-10-26
CUS0005434,tier_3,Basse,2024-05-16
CUS0005435,tier_2,Banjul,2025-05-08
CUS0005436,tier_1,Ibadan,2025-12-21
CUS0005437,tier_2,Kano,2024-11-29
CUS0005438,tier_1,Farafenni,2023-04-30
CUS0005439,tier_2,Ibadan,2023-01-14
CUS0005440,tier_1,Banjul,2024-10-23
CUS0005441,tier_1,Lagos,2025-04-21
CUS0005442,tier_1,Lagos,2023-06-21
CUS0005443,tier_2,Banjul,2025-09-25
CUS0005444,tier_1,Port Harcourt,2022-09-29
CUS0005445,tier_2,Basse,2024-05-25
CUS0005446,tier_2,Banjul,2023-06-18
CUS0005447,tier_3,Port Harcourt,2025-01-26
CUS0005448,tier_1,Port Harcourt,2022-10-15
CUS0005449,tier_2,Abuja,2022-10-16
CUS0005450,tier_2,Basse,2022-11-26
CUS0005451,tier_2,Port Harcourt,2023-06-11
CUS0005452,tier_1,Ibadan,2024-05-05
CUS0005453,tier_1,Lagos,2022-10-02
CUS0005454,tier_1,Port Harcourt,2024-08-10
CUS0005455,tier_1,Port Harcourt,2025-06-04
CUS0005456,tier_1,Ibadan,2024-04-06
CUS0005457,tier_2,Farafenni,2025-01-07
CUS0005458,tier_2,Kanifing,2024-12-18
CUS0005459,tier_2,Farafenni,2024-05-08
CUS0005460,tier_2,Abuja,2023-09-26
CUS0005461,tier_2,Banjul,2023-09-18
CUS0005462,tier_2,Banjul,2022-11-15
CUS0005463,tier_1,Abuja,2025-05-04
CUS0005464,tier_1,Abuja,2025-10-30
CUS0005465,tier_2,Brikama,2024-10-15
CUS0005466,tier_1,Farafenni,2023-02-01
CUS0005467,tier_2,Lagos,2023-12-22
CUS0005468,tier_2,Ibadan,2025-03-23
CUS0005469,tier_2,Ibadan,2025-11-26
CUS0005470,tier_2,Basse,2025-12-25
CUS0005471,tier_2,Abuja,2025-05-04
CUS0005472,tier_3,Port Harcourt,2023-07-26
CUS0005473,tier_1,Ibadan,2025-03-05
CUS0005474,tier_1,Lagos,2022-12-12
CUS0005475,tier_2,Abuja,2024-07-05
CUS0005476,tier_1,Ibadan,2023-11-09
CUS0005477,tier_2,Lagos,2023-09-20
CUS0005478,tier_2,Farafenni,2025-12-01
CUS0005479,tier_2,Abuja,2025-06-13
CUS0005480,tier_2,Brikama,2024-12-07
CUS0005481,tier_2,Lagos,2022-10-18
CUS0005482,tier_1,Kanifing,2024-08-03
CUS0005483,tier_2,Basse,2023-10-07
CUS0005484,tier_1,Farafenni,2024-04-04
CUS0005485,tier_2,Basse,2025-10-09
CUS0005486,tier_2,Brikama,2023-04-27
CUS0005487,tier_2,Banjul,2025-12-18
CUS0005488,tier_2,Ibadan,2023-07-26
CUS0005489,tier_2,Abuja,2025-08-25
CUS0005490,tier_3,Kanifing,2023-10-31
CUS0005491,tier_1,Kanifing,2025-07-18
CUS0005492,tier_2,Port Harcourt,2024-02-15
CUS0005493,tier_2,Banjul,2025-09-24
CUS0005494,tier_3,Abuja,2023-01-16
CUS0005495,tier_1,Basse,2025-07-20
CUS0005496,tier_1,Port Harcourt,2025-08-04
CUS0005497,tier_2,Lagos,2025-09-11
CUS0005498,tier_1,Brikama,2023-01-28
CUS0005499,tier_1,Port Harcourt,2023-07-08
CUS0005500,tier_2,Brikama,2025-09-19
CUS0005501,tier_2,Farafenni,2024-06-06
CUS0005502,tier_1,Kano,2023-07-13
CUS0005503,tier_1,Basse,2023-10-23
CUS0005504,tier_1,Kano,2025-03-20
CUS0005505,tier_2,Abuja,2025-04-09
CUS0005506,tier_2,Lagos,2025-11-22
CUS0005507,tier_2,Kanifing,2023-03-30
CUS0005508,tier_2,Kano,2023-11-05
CUS0005509,tier_3,Brikama,2022-10-31
CUS0005510,tier_2,Port Harcourt,2025-08-17
CUS0005511,tier_2,Basse,2025-11-15
CUS0005512,tier_1,Ibadan,2023-01-04
CUS0005513,tier_1,Farafenni,2024-11-20
CUS0005514,tier_1,Farafenni,2025-07-02
CUS0005515,tier_3,Lagos,2023-12-30
CUS0005516,tier_2,Brikama,2024-11-12
CUS0005517,tier_1,Abuja,2025-05-23
CUS0005518,tier_1,Kanifing,2023-05-26
CUS0005519,tier_1,Brikama,2025-06-06
CUS0005520,tier_1,Brikama,2025-12-31
CUS0005521,tier_1,Farafenni,2023-08-20
CUS0005522,tier_1,Ibadan,2024-03-21
CUS0005523,tier_1,Kano,2022-12-09
CUS0005524,tier_2,Lagos,2023-11-22
CUS0005525,tier_1,Farafenni,2023-06-29
CUS0005526,tier_1,Ibadan,2024-05-03
CUS0005527,tier_1,Port Harcourt,2025-09-22
CUS0005528,tier_2,Brikama,2022-10-03
CUS0005529,tier_1,Brikama,2023-10-13
CUS0005530,tier_1,Banjul,2025-06-21
CUS0005531,tier_1,Basse,2025-09-14
CUS0005532,tier_1,Farafenni,2024-08-06
CUS0005533,tier_2,Abuja,2023-05-13
CUS0005534,tier_1,Brikama,2023-05-28
CUS0005535,tier_2,Kano,2023-02-14
CUS0005536,tier_1,Brikama,2025-07-31
CUS0005537,tier_1,Brikama,2025-06-26
CUS0005538,tier_2,Port Harcourt,2022-12-29
CUS0005539,tier_2,Kanifing,2024-11-30
CUS0005540,tier_1,Abuja,2025-01-14
CUS0005541,tier_2,Lagos,2023-03-31
CUS0005542,tier_2,Port Harcourt,2023-07-19
CUS0005543,tier_1,Abuja,2024-09-13
CUS0005544,tier_2,Ibadan,2024-08-21
CUS0005545,tier_2,Ibadan,2025-01-03
CUS0005546,tier_1,Lagos,2023-09-17
CUS0005547,tier_1,Farafenni,2022-10-16
CUS0005548,tier_2,Banjul,2023-03-28
CUS0005549,tier_2,Port Harcourt,2022-12-12
CUS0005550,tier_2,Abuja,2023-09-29
CUS0005551,tier_2,Kanifing,2023-06-17
CUS0005552,tier_1,Banjul,2023-09-29
CUS0005553,tier_2,Kano,2024-09-04
CUS0005554,tier_3,Ibadan,2025-03-06
CUS0005555,tier_2,Banjul,2023-12-15
CUS0005556,tier_2,Abuja,2022-12-20
CUS0005557,tier_1,Brikama,2024-12-27
CUS0005558,tier_1,Lagos,2024-02-29
CUS0005559,tier_2,Kanifing,2023-10-18
CUS0005560,tier_2,Lagos,2025-12-01
CUS0005561,tier_2,Ibadan,2023-06-29
CUS0005562,tier_3,Basse,2023-09-24
CUS0005563,tier_2,Kanifing,2023-01-26
CUS0005564,tier_2,Brikama,2025-08-05
CUS0005565,tier_3,Brikama,2024-03-01
CUS0005566,tier_2,Kano,2025-10-12
CUS0005567,tier_2,Ibadan,2024-06-30
CUS0005568,tier_1,Port Harcourt,2022-12-18
CUS0005569,tier_1,Ibadan,2025-11-28
CUS0005570,tier_3,Brikama,2025-10-15
CUS0005571,tier_2,Banjul,2024-09-17
CUS0005572,tier_2,Ibadan,2023-07-28
CUS0005573,tier_3,Port Harcourt,2024-08-05
CUS0005574,tier_1,Basse,2025-04-09
CUS0005575,tier_1,Port Harcourt,2024-02-09
CUS0005576,tier_2,Port Harcourt,2023-02-17
CUS0005577,tier_2,Kanifing,2025-07-12
CUS0005578,tier_1,Kano,2022-12-10
CUS0005579,tier_1,Banjul,2023-07-12
CUS0005580,tier_1,Brikama,2024-09-06
CUS0005581,tier_2,Abuja,2023-06-29
CUS0005582,tier_1,Farafenni,2022-12-23
CUS0005583,tier_2,Brikama,2025-11-08
CUS0005584,tier_3,Kano,2024-06-17
CUS0005585,tier_1,Kanifing,2025-08-23
CUS0005586,tier_2,Kano,2023-03-24
CUS0005587,tier_2,Kano,2023-11-05
CUS0005588,tier_1,Port Harcourt,2022-10-12
CUS0005589,tier_3,Ibadan,2023-03-19
CUS0005590,tier_2,Brikama,2025-04-10
CUS0005591,tier_1,Port Harcourt,2024-11-25
CUS0005592,tier_1,Banjul,2023-01-07
CUS0005593,tier_1,Ibadan,2025-12-30
CUS0005594,tier_1,Brikama,2024-09-01
CUS0005595,tier_1,Basse,2025-10-31
CUS0005596,tier_2,Lagos,2023-10-24
CUS0005597,tier_1,Port Harcourt,2024-02-21
CUS0005598,tier_2,Port Harcourt,2025-10-14
CUS0005599,tier_1,Kanifing,2025-01-22
CUS0005600,tier_1,Ibadan,2025-01-05
CUS0005601,tier_2,Lagos,2023-11-25
CUS0005602,tier_1,Brikama,2023-01-24
CUS0005603,tier_1,Port Harcourt,2023-10-16
CUS0005604,tier_1,Lagos,2024-05-08
CUS0005605,tier_1,Farafenni,2025-04-03
CUS0005606,tier_2,Port Harcourt,2024-06-28
CUS0005607,tier_2,Farafenni,2024-11-28
CUS0005608,tier_1,Port Harcourt,2025-06-03
CUS0005609,tier_1,Brikama,2024-07-16
CUS0005610,tier_1,Lagos,2024-12-14
CUS0005611,tier_1,Lagos,2023-04-17
CUS0005612,tier_1,Lagos,2023-10-27
CUS0005613,tier_1,Port Harcourt,2025-01-14
CUS0005614,tier_1,Port Harcourt,2024-10-04
CUS0005615,tier_2,Farafenni,2024-01-28
CUS0005616,tier_1,Lagos,2025-06-05
CUS0005617,tier_1,Ibadan,2025-05-28
CUS0005618,tier_2,Abuja,2023-12-06
CUS0005619,tier_1,Kano,2023-02-03
CUS0005620,tier_1,Abuja,2022-11-13
CUS0005621,tier_1,Port Harcourt,2024-03-15
CUS0005622,tier_2,Basse,2024-07-14
CUS0005623,tier_1,Farafenni,2024-04-13
CUS0005624,tier_2,Kanifing,2023-02-16
CUS0005625,tier_2,Kanifing,2025-05-14
CUS0005626,tier_3,Port Harcourt,2023-04-15
CUS0005627,tier_1,Farafenni,2023-01-28
CUS0005628,tier_2,Lagos,2022-09-27
CUS0005629,tier_1,Banjul,2025-07-08
CUS0005630,tier_2,Farafenni,2023-10-16
CUS0005631,tier_1,Lagos,2024-05-09
CUS0005632,tier_1,Lagos,2024-02-29
CUS0005633,tier_1,Farafenni,2025-01-10
CUS0005634,tier_1,Farafenni,2023-08-25
CUS0005635,tier_1,Ibadan,2025-06-15
CUS0005636,tier_1,Abuja,2023-06-29
CUS0005637,tier_2,Banjul,2025-11-29
CUS0005638,tier_3,Basse,2025-02-28
CUS0005639,tier_2,Kanifing,2024-05-30
CUS0005640,tier_3,Kanifing,2025-10-20
CUS0005641,tier_2,Brikama,2023-06-10
CUS0005642,tier_1,Ibadan,2025-04-26
CUS0005643,tier_2,Ibadan,2023-05-08
CUS0005644,tier_2,Port Harcourt,2025-04-06
CUS0005645,tier_2,Banjul,2024-06-23
CUS0005646,tier_1,Farafenni,2023-02-12
CUS0005647,tier_1,Lagos,2023-09-30
CUS0005648,tier_1,Brikama,2024-02-23
CUS0005649,tier_2,Abuja,2023-09-01
CUS0005650,tier_1,Lagos,2022-09-23
CUS0005651,tier_1,Kano,2022-12-24
CUS0005652,tier_1,Basse,2025-01-22
CUS0005653,tier_1,Lagos,2023-02-21
CUS0005654,tier_1,Basse,2022-12-19
CUS0005655,tier_2,Port Harcourt,2023-08-20
CUS0005656,tier_3,Lagos,2024-05-21
CUS0005657,tier_1,Brikama,2024-04-17
CUS0005658,tier_3,Kanifing,2025-07-15
CUS0005659,tier_2,Abuja,2024-02-20
CUS0005660,tier_1,Banjul,2025-10-12
CUS0005661,tier_1,Basse,2023-11-30
CUS0005662,tier_2,Port Harcourt,2024-09-12
CUS0005663,tier_1,Farafenni,2025-04-07
CUS0005664,tier_2,Kanifing,2024-03-04
CUS0005665,tier_2,Kanifing,2024-10-31
CUS0005666,tier_1,Lagos,2023-04-22
CUS0005667,tier_1,Farafenni,2023-08-13
CUS0005668,tier_2,Brikama,2025-06-09
CUS0005669,tier_1,Basse,2023-02-01
CUS0005670,tier_1,Abuja,2023-11-02
CUS0005671,tier_2,Kano,2025-03-11
CUS0005672,tier_1,Farafenni,2023-08-18
CUS0005673,tier_1,Kano,2024-05-11
CUS0005674,tier_2,Brikama,2025-12-18
CUS0005675,tier_1,Ibadan,2025-01-22
CUS0005676,tier_3,Basse,2024-10-29
CUS0005677,tier_3,Kanifing,2023-01-20
CUS0005678,tier_1,Brikama,2022-12-15
CUS0005679,tier_2,Kanifing,2025-04-02
CUS0005680,tier_1,Kanifing,2025-04-17
CUS0005681,tier_1,Brikama,2025-12-17
CUS0005682,tier_2,Port Harcourt,2025-06-25
CUS0005683,tier_1,Banjul,2025-06-30
CUS0005684,tier_1,Abuja,2024-07-12
CUS0005685,tier_1,Farafenni,2022-11-25
CUS0005686,tier_1,Banjul,2023-01-06
CUS0005687,tier_1,Kano,2023-09-26
CUS0005688,tier_1,Kanifing,2023-06-12
CUS0005689,tier_1,Brikama,2024-01-15
CUS0005690,tier_1,Lagos,2024-07-16
CUS0005691,tier_2,Lagos,2022-11-06
CUS0005692,tier_2,Kano,2025-03-29
CUS0005693,tier_1,Port Harcourt,2025-10-26
CUS0005694,tier_1,Port Harcourt,2025-06-30
CUS0005695,tier_1,Kano,2023-11-09
CUS0005696,tier_2,Ibadan,2024-08-25
CUS0005697,tier_2,Abuja,2025-09-14
CUS0005698,tier_1,Brikama,2023-07-15
CUS0005699,tier_3,Kano,2025-01-06
CUS0005700,tier_1,Farafenni,2024-11-20
CUS0005701,tier_1,Farafenni,2022-11-01
CUS0005702,tier_2,Brikama,2025-11-02
CUS0005703,tier_1,Brikama,2025-02-17
CUS0005704,tier_2,Port Harcourt,2024-10-19
CUS0005705,tier_2,Brikama,2025-06-08
CUS0005706,tier_2,Lagos,2022-09-20
CUS0005707,tier_1,Basse,2024-09-04
CUS0005708,tier_2,Brikama,2024-09-03
CUS0005709,tier_2,Lagos,2023-12-18
CUS0005710,tier_2,Farafenni,2022-10-06
CUS0005711,tier_2,Ibadan,2024-11-10
CUS0005712,tier_1,Basse,2024-07-03
CUS0005713,tier_1,Kano,2023-05-28
CUS0005714,tier_2,Kano,2024-10-09
CUS0005715,tier_1,Abuja,2024-05-17
CUS0005716,tier_1,Banjul,2022-10-19
CUS0005717,tier_1,Basse,2022-10-06
CUS0005718,tier_2,Kano,2025-05-07
CUS0005719,tier_1,Kano,2022-09-26
CUS0005720,tier_1,Brikama,2022-10-19
CUS0005721,tier_1,Kanifing,2025-02-03
CUS0005722,tier_1,Farafenni,2023-05-17
CUS0005723,tier_2,Kano,2025-05-15
CUS0005724,tier_1,Lagos,2025-03-23
CUS0005725,tier_2,Ibadan,2023-02-03
CUS0005726,tier_1,Brikama,2025-11-04
CUS0005727,tier_2,Kanifing,2025-03-31
CUS0005728,tier_2,Abuja,2025-09-11
CUS0005729,tier_1,Brikama,2025-10-15
CUS0005730,tier_2,Basse,2022-11-22
CUS0005731,tier_1,Kano,2023-02-03
CUS0005732,tier_1,Port Harcourt,2023-07-18
CUS0005733,tier_1,Farafenni,2023-11-30
CUS0005734,tier_2,Lagos,2024-12-18
CUS0005735,tier_1,Ibadan,2023-10-16
CUS0005736,tier_3,Banjul,2024-11-13
CUS0005737,tier_1,Basse,2024-09-04
CUS0005738,tier_3,Kanifing,2022-10-16
CUS0005739,tier_2,Port Harcourt,2024-03-15
CUS0005740,tier_1,Kanifing,2024-01-21
CUS0005741,tier_2,Brikama,2024-10-27
CUS0005742,tier_2,Port Harcourt,2025-06-23
CUS0005743,tier_1,Brikama,2022-10-06
CUS0005744,tier_1,Port Harcourt,2024-01-18
CUS0005745,tier_2,Kanifing,2024-04-20
CUS0005746,tier_1,Basse,2023-02-18
CUS0005747,tier_1,Port Harcourt,2024-11-24
CUS0005748,tier_3,Port Harcourt,2023-09-02
CUS0005749,tier_3,Kanifing,2024-10-27
CUS0005750,tier_2,Kano,2025-06-24
CUS0005751,tier_2,Kanifing,2025-03-09
CUS0005752,tier_1,Brikama,2025-02-24
CUS0005753,tier_1,Brikama,2025-05-04
CUS0005754,tier_2,Kano,2023-09-14
CUS0005755,tier_1,Brikama,2025-09-13
CUS0005756,tier_1,Kanifing,2025-05-08
CUS0005757,tier_1,Abuja,2025-05-31
CUS0005758,tier_1,Brikama,2025-10-07
CUS0005759,tier_1,Banjul,2023-07-01
CUS0005760,tier_1,Lagos,2023-01-13
CUS0005761,tier_2,Farafenni,2024-11-21
CUS0005762,tier_3,Farafenni,2025-10-17
CUS0005763,tier_1,Farafenni,2023-08-01
CUS0005764,tier_1,Farafenni,2022-12-29
CUS0005765,tier_1,Brikama,2023-06-13
CUS0005766,tier_2,Basse,2023-01-30
CUS0005767,tier_1,Basse,2025-01-05
CUS0005768,tier_1,Basse,2025-11-15
CUS0005769,tier_2,Abuja,2023-01-22
CUS0005770,tier_1,Lagos,2025-12-14
CUS0005771,tier_2,Lagos,2025-03-31
CUS0005772,tier_1,Basse,2023-11-23
CUS0005773,tier_1,Port Harcourt,2024-11-30
CUS0005774,tier_2,Lagos,2024-01-15
CUS0005775,tier_2,Kanifing,2025-12-29
CUS0005776,tier_2,Farafenni,2022-10-23
CUS0005777,tier_2,Brikama,2022-09-24
CUS0005778,tier_1,Banjul,2025-06-15
CUS0005779,tier_1,Kano,2025-05-03
CUS0005780,tier_1,Farafenni,2023-08-16
CUS0005781,tier_3,Ibadan,2024-03-03
CUS0005782,tier_1,Abuja,2024-04-12
CUS0005783,tier_2,Brikama,2024-10-23
CUS0005784,tier_2,Basse,2025-07-31
CUS0005785,tier_2,Brikama,2025-11-09
CUS0005786,tier_1,Kano,2025-09-12
CUS0005787,tier_1,Lagos,2025-02-03
CUS0005788,tier_1,Ibadan,2023-03-24
CUS0005789,tier_1,Brikama,2025-08-28
CUS0005790,tier_1,Kanifing,2023-08-01
CUS0005791,tier_1,Port Harcourt,2025-11-16
CUS0005792,tier_1,Brikama,2025-04-16
CUS0005793,tier_2,Ibadan,2025-05-26
CUS0005794,tier_1,Basse,2025-02-10
CUS0005795,tier_2,Banjul,2024-10-03
CUS0005796,tier_2,Basse,2025-10-26
CUS0005797,tier_1,Kanifing,2025-11-27
CUS0005798,tier_2,Abuja,2023-03-21
CUS0005799,tier_2,Kano,2023-12-08
CUS0005800,tier_1,Basse,2025-08-21
CUS0005801,tier_1,Port Harcourt,2024-01-19
CUS0005802,tier_1,Abuja,2025-01-12
CUS0005803,tier_3,Basse,2023-04-24
CUS0005804,tier_2,Brikama,2024-08-04
CUS0005805,tier_1,Banjul,2025-05-19
CUS0005806,tier_1,Banjul,2025-05-03
CUS0005807,tier_2,Ibadan,2025-04-24
CUS0005808,tier_1,Banjul,2023-09-09
CUS0005809,tier_2,Kanifing,2023-06-25
CUS0005810,tier_1,Kanifing,2023-04-05
CUS0005811,tier_1,Ibadan,2025-10-05
CUS0005812,tier_1,Ibadan,2025-06-15
CUS0005813,tier_2,Lagos,2023-06-28
CUS0005814,tier_1,Port Harcourt,2025-10-30
CUS0005815,tier_2,Kanifing,2024-01-30
CUS0005816,tier_2,Kano,2025-07-12
CUS0005817,tier_1,Banjul,2023-09-17
CUS0005818,tier_1,Farafenni,2025-09-12
CUS0005819,tier_1,Farafenni,2024-02-20
CUS0005820,tier_1,Banjul,2024-05-21
CUS0005821,tier_1,Ibadan,2024-06-15
CUS0005822,tier_1,Farafenni,2023-10-03
CUS0005823,tier_1,Farafenni,2025-11-11
CUS0005824,tier_1,Abuja,2024-12-24
CUS0005825,tier_1,Ibadan,2024-01-04
CUS0005826,tier_1,Abuja,2024-07-30
CUS0005827,tier_1,Farafenni,2025-04-29
CUS0005828,tier_2,Lagos,2024-11-19
CUS0005829,tier_3,Farafenni,2023-09-29
CUS0005830,tier_1,Kano,2024-07-29
CUS0005831,tier_2,Abuja,2023-07-21
CUS0005832,tier_2,Kanifing,2024-01-08
CUS0005833,tier_2,Ibadan,2024-08-26
CUS0005834,tier_2,Kano,2025-11-23
CUS0005835,tier_1,Basse,2023-09-28
CUS0005836,tier_1,Kanifing,2024-04-04
CUS0005837,tier_3,Port Harcourt,2025-11-10
CUS0005838,tier_2,Kanifing,2025-09-19
CUS0005839,tier_1,Kano,2023-05-19
CUS0005840,tier_1,Basse,2025-10-16
CUS0005841,tier_1,Basse,2022-09-19
CUS0005842,tier_1,Ibadan,2025-08-14
CUS0005843,tier_2,Port Harcourt,2024-06-27
CUS0005844,tier_2,Lagos,2024-08-08
CUS0005845,tier_2,Kanifing,2024-03-23
CUS0005846,tier_2,Banjul,2024-07-26
CUS0005847,tier_2,Ibadan,2025-10-15
CUS0005848,tier_2,Basse,2023-03-20
CUS0005849,tier_3,Abuja,2023-01-13
CUS0005850,tier_3,Farafenni,2025-08-20
CUS0005851,tier_1,Port Harcourt,2023-07-16
CUS0005852,tier_2,Abuja,2023-11-10
CUS0005853,tier_2,Basse,2025-06-05
CUS0005854,tier_1,Abuja,2025-06-11
CUS0005855,tier_1,Kano,2024-05-23
CUS0005856,tier_3,Kano,2023-04-24
CUS0005857,tier_2,Farafenni,2024-09-10
CUS0005858,tier_2,Lagos,2023-07-21
CUS0005859,tier_1,Ibadan,2024-05-18
CUS0005860,tier_2,Kanifing,2023-07-02
CUS0005861,tier_2,Kanifing,2024-07-09
CUS0005862,tier_1,Abuja,2025-03-21
CUS0005863,tier_1,Kano,2025-09-18
CUS0005864,tier_1,Ibadan,2025-01-14
CUS0005865,tier_1,Abuja,2025-09-10
CUS0005866,tier_2,Banjul,2024-07-18
CUS0005867,tier_1,Ibadan,2025-07-13
CUS0005868,tier_1,Port Harcourt,2022-10-18
CUS0005869,tier_1,Ibadan,2022-09-21
CUS0005870,tier_1,Brikama,2025-05-16
CUS0005871,tier_1,Kano,2025-11-16
CUS0005872,tier_2,Ibadan,2023-03-06
CUS0005873,tier_2,Basse,2023-02-25
CUS0005874,tier_1,Kanifing,2022-12-08
CUS0005875,tier_3,Basse,2024-04-18
CUS0005876,tier_1,Brikama,2025-04-29
CUS0005877,tier_1,Lagos,2023-01-28
CUS0005878,tier_1,Farafenni,2022-10-19
CUS0005879,tier_3,Ibadan,2023-11-27
CUS0005880,tier_1,Banjul,2022-12-23
CUS0005881,tier_1,Banjul,2024-07-18
CUS0005882,tier_1,Abuja,2023-05-05
CUS0005883,tier_1,Kanifing,2024-12-28
CUS0005884,tier_2,Abuja,2022-11-04
CUS0005885,tier_1,Port Harcourt,2023-09-28
CUS0005886,tier_1,Kanifing,2025-02-11
CUS0005887,tier_1,Kano,2024-06-26
CUS0005888,tier_2,Port Harcourt,2023-08-17
CUS0005889,tier_2,Ibadan,2025-02-26
CUS0005890,tier_1,Abuja,2022-10-04
CUS0005891,tier_3,Kano,2025-09-20
CUS0005892,tier_1,Port Harcourt,2024-01-05
CUS0005893,tier_1,Kanifing,2024-07-20
CUS0005894,tier_3,Kanifing,2022-09-29
CUS0005895,tier_1,Lagos,2023-08-10
CUS0005896,tier_1,Ibadan,2024-08-10
CUS0005897,tier_1,Basse,2022-11-25
CUS0005898,tier_2,Lagos,2023-11-20
CUS0005899,tier_1,Kano,2022-09-29
CUS0005900,tier_2,Abuja,2024-12-24
CUS0005901,tier_1,Banjul,2023-08-21
CUS0005902,tier_2,Basse,2023-11-22
CUS0005903,tier_1,Farafenni,2024-07-07
CUS0005904,tier_3,Abuja,2025-11-09
CUS0005905,tier_1,Ibadan,2024-04-01
CUS0005906,tier_1,Kano,2025-12-08
CUS0005907,tier_1,Lagos,2025-06-05
CUS0005908,tier_1,Brikama,2024-01-03
CUS0005909,tier_2,Farafenni,2023-09-21
CUS0005910,tier_1,Ibadan,2025-04-19
CUS0005911,tier_1,Port Harcourt,2024-10-03
CUS0005912,tier_1,Abuja,2023-01-06
CUS0005913,tier_2,Farafenni,2025-10-08
CUS0005914,tier_2,Brikama,2024-07-20
CUS0005915,tier_1,Brikama,2023-01-17
CUS0005916,tier_1,Port Harcourt,2025-08-14
CUS0005917,tier_1,Port Harcourt,2025-08-24
CUS0005918,tier_1,Kanifing,2024-10-18
CUS0005919,tier_3,Kanifing,2024-08-10
CUS0005920,tier_1,Port Harcourt,2025-01-31
CUS0005921,tier_3,Farafenni,2023-09-19
CUS0005922,tier_1,Farafenni,2023-05-03
CUS0005923,tier_2,Banjul,2024-02-01
CUS0005924,tier_1,Farafenni,2025-10-03
CUS0005925,tier_3,Lagos,2022-11-18
CUS0005926,tier_1,Abuja,2024-02-20
CUS0005927,tier_2,Banjul,2025-01-26
CUS0005928,tier_1,Basse,2024-04-22
CUS0005929,tier_1,Basse,2025-04-20
CUS0005930,tier_2,Abuja,2024-03-20
CUS0005931,tier_2,Farafenni,2024-05-18
CUS0005932,tier_1,Port Harcourt,2023-09-01
CUS0005933,tier_1,Kanifing,2023-05-14
CUS0005934,tier_2,Kano,2025-08-20
CUS0005935,tier_2,Brikama,2024-07-20
CUS0005936,tier_2,Port Harcourt,2022-12-08
CUS0005937,tier_2,Ibadan,2022-12-19
CUS0005938,tier_3,Banjul,2023-10-03
CUS0005939,tier_1,Ibadan,2025-03-09
CUS0005940,tier_1,Kanifing,2023-07-09
CUS0005941,tier_1,Ibadan,2025-05-31
CUS0005942,tier_2,Lagos,2024-12-18
CUS0005943,tier_3,Abuja,2024-07-07
CUS0005944,tier_1,Port Harcourt,2022-12-25
CUS0005945,tier_2,Farafenni,2022-09-27
CUS0005946,tier_1,Port Harcourt,2022-12-02
CUS0005947,tier_1,Ibadan,2023-11-12
CUS0005948,tier_2,Kanifing,2024-03-01
CUS0005949,tier_1,Basse,2024-03-29
CUS0005950,tier_2,Banjul,2025-05-19
CUS0005951,tier_1,Brikama,2024-12-27
CUS0005952,tier_1,Kano,2023-12-23
CUS0005953,tier_1,Abuja,2025-10-01
CUS0005954,tier_1,Kanifing,2023-05-05
CUS0005955,tier_1,Banjul,2024-09-22
CUS0005956,tier_2,Ibadan,2022-11-20
CUS0005957,tier_2,Farafenni,2023-08-22
CUS0005958,tier_1,Abuja,2025-04-18
CUS0005959,tier_1,Port Harcourt,2024-07-17
CUS0005960,tier_1,Port Harcourt,2025-09-08
CUS0005961,tier_1,Banjul,2025-09-22
CUS0005962,tier_1,Port Harcourt,2024-04-24
CUS0005963,tier_2,Basse,2023-01-10
CUS0005964,tier_3,Basse,2024-12-30
CUS0005965,tier_1,Abuja,2023-11-24
CUS0005966,tier_2,Basse,2022-11-17
CUS0005967,tier_2,Abuja,2023-03-19
CUS0005968,tier_1,Lagos,2023-07-23
CUS0005969,tier_1,Banjul,2024-04-04
CUS0005970,tier_1,Lagos,2023-04-03
CUS0005971,tier_2,Lagos,2022-12-27
CUS0005972,tier_2,Port Harcourt,2023-06-23
CUS0005973,tier_2,Basse,2024-03-18
CUS0005974,tier_3,Farafenni,2023-02-28
CUS0005975,tier_2,Banjul,2023-08-14
CUS0005976,tier_1,Lagos,2024-07-21
CUS0005977,tier_2,Abuja,2025-04-08
CUS0005978,tier_2,Brikama,2023-08-27
CUS0005979,tier_1,Basse,2025-09-12
CUS0005980,tier_1,Lagos,2024-01-21
CUS0005981,tier_1,Banjul,2025-12-13
CUS0005982,tier_2,Abuja,2025-02-06
CUS0005983,tier_2,Kanifing,2025-01-07
CUS0005984,tier_1,Brikama,2023-06-20
CUS0005985,tier_1,Kano,2023-05-06
CUS0005986,tier_1,Brikama,2024-03-24
CUS0005987,tier_2,Abuja,2025-11-05
CUS0005988,tier_1,Brikama,2024-06-04
CUS0005989,tier_2,Kanifing,2025-06-25
CUS0005990,tier_1,Ibadan,2024-08-04
CUS0005991,tier_1,Ibadan,2023-10-28
CUS0005992,tier_3,Banjul,2022-12-28
CUS0005993,tier_1,Kano,2023-02-08
CUS0005994,tier_3,Kano,2023-03-25
CUS0005995,tier_3,Brikama,2024-11-25
CUS0005996,tier_2,Brikama,2022-10-05
CUS0005997,tier_2,Lagos,2023-07-06
CUS0005998,tier_3,Banjul,2024-06-20
CUS0005999,tier_1,Abuja,2024-07-11
